timestamp_ms,accel_x,accel_y,accel_z
17,211,-1,-3988
38,210,6,-4030
57,211,0,-4029
77,183,16,-4030
97,160,12,-4002
117,232,5,-3979
137,157,12,-3997
157,143,4,-4016
177,150,-12,-4047
197,151,-12,-4050
217,159,-10,-4026
237,182,5,-3994
257,148,-1,-4009
277,158,1,-4014
297,158,2,-4020
317,209,-4,-4046
337,164,-13,-4005
357,137,-6,-4003
377,152,-36,-3989
397,109,-13,-4001
417,245,-34,-4087
437,109,-9,-4043
458,254,7,-4239
477,208,152,-3705
497,336,-64,-3874
518,100,-51,-3725
537,-19,45,-4048
557,70,-38,-4076
577,72,-40,-4103
597,-58,-54,-3923
617,-4,-66,-3913
637,36,-54,-4080
657,32,-44,-4103
677,-4,-71,-4029
697,-144,-69,-4062
717,-100,-110,-3875
737,-74,-96,-3796
757,-93,81,-4270
777,-55,-137,-3895
797,-37,-45,-4139
817,-45,-63,-4064
837,-60,-103,-3988
857,-62,-52,-4025
877,-85,-75,-3990
897,-95,-88,-3961
917,-93,-60,-4002
938,-83,-66,-4023
957,-53,-77,-4028
977,-42,-76,-4026
998,-45,-82,-4032
1017,-71,-67,-4002
1037,-87,-79,-4005
1057,-90,-70,-3991
1077,-77,-63,-3994
1097,-63,-63,-3987
1117,-43,-49,-4007
1137,-54,-68,-4043
1157,-63,-66,-4024
1177,-72,-85,-4022
1197,-77,-89,-3994
1217,-70,-70,-3983
1237,-76,-63,-3991
1257,-54,-52,-4003
1277,-74,-68,-4020
1297,-56,-60,-4026
1318,-61,-77,-4026
1338,-67,-74,-3992
1357,-72,-88,-3993
1377,-89,-75,-4006
1397,-83,-59,-4027
1418,-88,-59,-4016
1437,-70,-62,-4013
1457,-61,-61,-3993
1478,-77,-83,-3999
1497,-69,-71,-4017
1517,-76,-60,-4016
1537,-74,-74,-4010
1557,-84,-92,-4007
1577,-78,-82,-4013
1597,-83,-77,-4012
1617,-69,-73,-4003
1637,-69,-69,-4015
1657,-52,-64,-4017
1677,-65,-80,-4011
1697,-72,-76,-4002
1717,-77,-84,-3988
1737,-80,-64,-4024
1757,-80,-72,-4029
1777,-69,-68,-4024
1797,-66,-85,-4007
1817,-60,-79,-3995
1837,-52,-82,-4002
1857,-63,-75,-4022
1877,-81,-65,-4016
1898,-96,-72,-4022
1917,-68,-68,-4010
1937,-63,-81,-4000
1958,-70,-90,-3993
1977,-67,-76,-4012
1997,-77,-83,-4012
2017,-84,-73,-4011
2037,-58,-61,-4019
2057,-70,-68,-3995
2077,-87,-68,-3994
2097,-92,-71,-3998
2117,-76,-63,-4018
2137,-85,-83,-4019
2157,-84,-84,-4023
2177,-50,-70,-3999
2197,-66,-76,-4011
2217,-68,-66,-4007
2237,-88,-67,-4024
2257,-87,-62,-4020
2277,-92,-85,-4004
2297,-59,-72,-4005
2317,-60,-81,-4023
2337,-73,-82,-3997
2357,-82,-76,-4026
2378,-80,-73,-4016
2397,-91,-84,-4000
2417,-69,-69,-4003
2438,-56,-66,-3994
2457,-82,-71,-4000
2477,-76,-82,-4005
2497,-68,-81,-4029
2517,-67,-64,-4031
2537,-76,-72,-4004
2557,-65,-69,-3998
2577,-81,-73,-4009
2597,-95,-56,-4010
2617,-77,-64,-4011
2637,-78,-77,-4032
2657,-82,-63,-4015
2677,-71,-84,-3998
2697,-53,-58,-4002
2717,-82,-89,-4010
2737,-89,-68,-4022
2757,-87,-73,-4017
2777,-85,-75,-4013
2797,-74,-83,-3995
2817,-67,-80,-4003
2837,-59,-60,-4006
2858,-61,-60,-4032
2877,-81,-69,-4020
2897,-78,-75,-4012
2918,-72,-88,-3995
2937,-76,-85,-3992
2957,-76,-74,-4003
2977,-93,-73,-4027
2997,-82,-77,-4018
3017,-75,-66,-4010
3037,-64,-81,-4005
3057,-73,-70,-4000
3077,-76,-76,-4017
3097,-74,-71,-4004
3117,-88,-70,-4006
3137,-88,-84,-4005
3157,-72,-65,-4000
3177,-70,-72,-4003
3197,-75,-73,-4010
3217,-67,-75,-4029
3237,-86,-83,-4022
3257,-80,-68,-4020
3277,-68,-84,-3995
3297,-80,-74,-3994
3317,-82,-72,-4008
3338,-84,-72,-4010
3357,-68,-65,-4012
3377,-73,-71,-4001
3398,-72,-82,-3997
3417,-74,-64,-4002
3437,-72,-81,-4011
3457,-77,-83,-4024
3477,-79,-64,-4034
3497,-75,-74,-4014
3517,-72,-67,-3994
3537,-82,-72,-3993
3557,-84,-69,-4008
3577,-80,-76,-4020
3597,-85,-75,-4038
3617,-68,-70,-4011
3637,-79,-67,-4008
3657,-65,-73,-4002
3677,-90,-83,-4001
3697,-89,-80,-4004
3717,-93,-74,-4022
3737,-73,-53,-4027
3757,-79,-75,-4011
3777,-76,-77,-4004
3797,-77,-69,-4001
3818,-88,-66,-4029
3837,-94,-58,-4020
3857,-80,-80,-4010
3878,-57,-76,-4000
3897,-71,-84,-4007
3917,-74,-71,-4006
3937,-81,-74,-4021
3957,-93,-68,-4017
3977,-98,-69,-4017
3997,-59,-62,-3993
4017,-73,-75,-3990
4037,-83,-74,-4006
4057,-85,-75,-4019
4077,-89,-68,-4026
4097,-91,-65,-4020
4117,-77,-75,-4006
4137,-63,-78,-3984
4157,-62,-65,-3992
4177,-90,-67,-4013
4197,-88,-78,-4022
4217,-79,-76,-4031
4237,-71,-88,-4008
4257,-65,-71,-4010
4277,-60,-64,-4005
4298,-78,-90,-4012
4317,-91,-69,-4023
4337,-96,-75,-4017
4358,-85,-76,-3995
4377,-80,-76,-3998
4397,-49,-62,-3994
4417,-72,-76,-4011
4437,-82,-69,-4018
4457,-78,-66,-4017
4477,-80,-78,-4007
4497,-76,-82,-3994
4517,-78,-80,-3989
4537,-73,-75,-4006
4557,-99,-67,-4021
4577,-86,-73,-4029
4597,-74,-69,-4011
4617,-79,-81,-4008
4637,-78,-76,-4015
4657,-82,-75,-4009
4678,-85,-84,-4020
4698,-78,-70,-4013
4718,-73,-76,-4012
4737,-63,-76,-4004
4757,-69,-80,-4003
4778,-83,-66,-4017
4797,-74,-72,-4037
4817,-92,-67,-4014
4838,-87,-80,-4017
4857,-75,-67,-4008
4877,-83,-82,-4002
4897,-78,-79,-4013
4917,-75,-67,-4020
4937,-73,-73,-4015
4957,-91,-74,-3997
4977,-85,-78,-4010
4997,-77,-91,-3998
5017,-78,-90,-4013
5037,-89,-75,-4026
5057,-72,-35,-3937
5077,289,-274,-3393
5097,6,-58,-3874
5117,-287,144,-4198
5137,-155,-148,-4165
5157,-237,-166,-4181
5177,-115,-95,-4059
5197,-80,-150,-4048
5217,-114,2,-4076
5237,-86,-51,-4000
5257,-90,-97,-3968
5277,-18,-102,-3929
5297,-107,-121,-4066
5318,-90,-60,-4058
5337,-99,-74,-4015
5357,-99,-69,-3961
5377,-69,-59,-3977
5397,-90,-62,-4038
5417,-70,-77,-4005
5437,-51,-69,-3972
5457,-92,-85,-4008
5477,-64,-69,-4024
5497,-92,-77,-4023
5517,-80,-68,-4006
5537,-98,-61,-3999
5557,-111,-80,-4020
5577,-69,-75,-4002
5597,-72,-92,-3994
5617,-72,-94,-4019
5637,-82,-92,-4030
5657,-86,-74,-4033
5677,-102,-64,-4045
5697,-103,-59,-4009
5717,-69,-58,-3984
5738,-83,-82,-3977
5757,-80,-92,-4013
5777,-83,-89,-4031
5798,-83,-79,-4032
5817,-85,-72,-4017
5837,-67,-58,-3997
5857,-93,-65,-3994
5877,-91,-76,-3996
5897,-106,-84,-4008
5917,-98,-83,-4023
5937,-83,-85,-4012
5957,-71,-85,-4014
5977,-67,-68,-4026
5997,-88,-74,-4031
6017,-104,-59,-4015
6037,-113,-60,-3995
6057,-90,-81,-3995
6077,-88,-82,-3985
6097,-58,-81,-4005
6117,-64,-86,-4011
6137,-86,-77,-4038
6157,-89,-57,-4046
6177,-89,-63,-4020
6197,-95,-79,-3990
6218,-82,-73,-3985
6237,-73,-78,-3995
6257,-89,-81,-4020
6278,-77,-84,-4033
6297,-72,-63,-4037
6317,-82,-66,-4027
6337,-96,-76,-3999
6357,-79,-65,-3993
6377,-106,-75,-3996
6397,-107,-89,-3999
6417,-84,-88,-3994
6437,-69,-84,-4008
6457,-57,-85,-4017
6477,-65,-66,-4020
6497,-71,-47,-4026
6517,-101,-71,-4015
6537,-97,-79,-3999
6557,-96,-72,-3979
6577,-74,-103,-3986
6597,-79,-82,-4014
6617,-54,-61,-4037
6637,-78,-58,-4048
6657,-92,-75,-4030
6677,-86,-76,-4006
6698,-100,-72,-3990
6717,-95,-89,-3987
6737,-93,-79,-4005
6758,-84,-77,-4010
6777,-62,-74,-4013
6797,-72,-61,-4015
6817,-62,-77,-4017
6837,-86,-73,-4004
6857,-106,-79,-4024
6877,-87,-71,-3997
6897,-92,-89,-4002
6917,-73,-85,-3987
6937,-75,-73,-3985
6957,-65,-77,-4017
6977,-81,-60,-4027
6997,-91,-74,-4027
7017,-88,-62,-4015
7037,-95,-85,-3998
7057,-84,-93,-3983
7077,-89,-78,-3992
7097,-80,-74,-4020
7117,-86,-72,-4049
7137,-75,-67,-4030
7157,-69,-71,-4006
7178,-75,-65,-3996
7197,-96,-86,-3996
7217,-98,-91,-4007
7238,-93,-80,-4009
7257,-92,-79,-4025
7277,-56,-63,-4009
7297,-78,-79,-4012
7317,-82,-78,-4002
7337,-85,-82,-4011
7357,-109,-73,-4013
7377,-86,-79,-4016
7397,-90,-78,-4001
7417,-66,-69,-3995
7437,-86,-75,-4001
7457,-92,-64,-4016
7477,-84,-75,-4015
7497,-93,-70,-4020
7517,-90,-77,-4008
7537,-72,-83,-3993
7557,-82,-73,-3996
7577,-85,-69,-4000
7597,-102,-71,-4027
7617,-86,-71,-4017
7637,-81,-79,-4002
7658,-74,-87,-4001
7677,-68,-77,-4002
7697,-76,-89,-4013
7718,-102,-80,-4025
7737,-98,-68,-4018
7757,-87,-59,-4002
7777,-79,-60,-3997
7797,-51,-75,-3995
7817,-90,-89,-4006
7837,-96,-90,-4011
7857,-101,-82,-4024
7877,-96,-76,-4008
7897,-91,-60,-4003
7918,-88,-74,-4002
7938,-83,-63,-3989
7957,-88,-69,-4018
7978,-82,-75,-4023
8665,-92,-75,-4024
8666,-92,-75,-4024
8666,-92,-73,-4023
8666,-78,-73,-4023
8666,-78,-73,-4023
8667,-78,-73,-4023
8667,-77,-75,-4024
8667,-77,-75,-4024
8668,-77,-75,-4024
8668,-87,-81,-4006
8668,-87,-81,-4006
8669,-87,-81,-4006
8669,-87,-80,-4024
8669,-87,-80,-4024
8672,-66,-79,-3999
8672,-66,-79,-3999
8673,-66,-79,-3999
8673,-81,-82,-3991
8673,-81,-82,-3991
8674,-81,-82,-3991
8674,-90,-79,-3995
8674,-90,-79,-3995
8675,-90,-79,-3995
8675,-86,-73,-4002
8676,-86,-73,-4002
8676,-86,-73,-4002
8678,-79,-80,-4016
8678,-78,-87,-4016
8679,-78,-87,-4016
8679,-87,-80,-4027
8680,-87,-80,-4027
8680,-87,-80,-4027
8680,-85,-83,-4026
8681,-85,-83,-4026
8681,-85,-83,-4026
8697,-86,-72,-4029
8717,-82,-65,-4024
8738,-99,-65,-4018
8757,-84,-78,-3998
8777,-84,-79,-3990
8798,-90,-75,-4006
8817,-89,-77,-4001
8837,-97,-81,-4035
8857,-72,-68,-4023
8877,-90,-84,-4007
8897,-90,-69,-4000
8917,-87,-73,-3995
8937,-117,-74,-4014
8957,-111,-71,-4023
8977,-74,-70,-4007
8997,-75,-86,-4012
9017,-82,-77,-3988
9037,-94,-71,-4017
9057,-92,-75,-4019
9077,-98,-69,-4031
9097,-95,-70,-4020
9117,-67,-70,-4001
9137,-79,-79,-3993
9158,-84,-75,-4001
9177,-88,-75,-4025
9197,-92,-67,-4031
9218,-93,-73,-4031
9237,-76,-69,-4001
9257,-92,-86,-3997
9278,-88,-69,-3987
9297,-83,-76,-4008
9317,-99,-72,-4022
9337,-90,-76,-4023
9357,-76,-79,-4008
9377,-58,-73,-3992
9397,-70,-71,-4017
9417,-94,-80,-4001
9437,-103,-80,-4033
9457,-96,-88,-4020
9477,-84,-78,-4010
9497,-69,-68,-3992
9517,-74,-72,-4009
9537,-90,-79,-4012
9557,-99,-79,-4028
9577,-93,-73,-4015
9597,-91,-82,-4015
9617,-80,-85,-4000
9638,-75,-70,-4005
9657,-93,-79,-3997
9677,-100,-69,-4030
9698,-82,-75,-4028
9717,-79,-89,-3996
9737,-78,-74,-4005
9758,-73,-82,-3991
9777,-104,-88,-4014
9797,-88,-83,-4021
9817,-91,-73,-4032
9837,-93,-80,-4010
9857,-80,-76,-3995
9877,-81,-81,-3994
9897,-71,-69,-4019
9917,-92,-76,-4024
9937,-98,-80,-4023
9957,-88,-89,-4026
9977,-78,-79,-3999
9997,-87,-75,-3993
10017,-82,-87,-4008
10037,-92,-75,-4015
10057,-93,-73,-4035
10077,-87,-77,-4007
10097,-97,-83,-4001
10118,-90,-89,-4016
10137,-90,-92,-4004
10157,-90,-66,-4020
10178,-97,-72,-4030
10197,-87,-86,-4017
10217,-80,-79,-4012
10238,-375,5,-4365
10257,57,-51,-3792
10277,178,-359,-3754
10297,150,-27,-3644
10317,-295,-76,-4245
10337,-9,-86,-4009
10357,-107,-60,-3993
10377,-147,-46,-4040
10397,-11,-46,-3941
10417,-91,-51,-4033
10437,-101,-84,-4040
10457,-90,-116,-4023
10477,-57,-150,-3970
10497,-92,-101,-4006
10517,-113,-45,-4035
10537,-92,-24,-4018
10557,-95,-1,-4008
10577,-76,-62,-3966
10598,-52,-123,-3962
10617,-76,-141,-4007
10637,-66,-131,-4038
10658,-95,-102,-4061
10677,-97,-48,-4049
10697,-99,-19,-4019
10718,-86,-14,-3969
10737,-96,-65,-3955
10757,-96,-83,-3983
10777,-79,-134,-4009
10797,-83,-123,-4043
10817,-60,-105,-4059
10837,-75,-60,-4055
10857,-97,-36,-4012
10877,-123,-34,-3985
10897,-125,-52,-3980
10917,-105,-103,-3982
10937,-74,-126,-3973
10957,-51,-129,-4010
10977,-64,-111,-4051
10997,-67,-68,-4064
11017,-101,-34,-4050
11037,-117,-27,-4011
11057,-126,-55,-3960
11077,-92,-83,-3943
11097,-97,-120,-3958
11117,-84,-133,-4001
11138,-68,-106,-4063
11157,-78,-71,-4079
11177,-87,-39,-4042
11198,-96,-23,-4002
11217,-109,-52,-3972
11237,-96,-75,-3946
11257,-100,-119,-3979
11277,-99,-132,-4007
11297,-68,-108,-4042
11317,-69,-73,-4049
11337,-82,-42,-4042
11357,-105,-29,-4036
11377,-122,-36,-3991
11397,-118,-68,-3955
11417,-101,-100,-3956
11437,-78,-122,-3976
11457,-58,-109,-4015
11477,-51,-75,-4052
11497,-89,-50,-4082
11517,-115,-30,-4040
11537,-111,-40,-4016
11558,-123,-68,-3951
11577,-90,-96,-3950
11597,-69,-110,-3971
11618,-66,-108,-4017
11637,-75,-79,-4060
11657,-76,-52,-4081
11678,-87,-44,-4033
11697,-112,-55,-3993
11717,-121,-60,-3960
11737,-88,-76,-3967
11757,-95,-96,-4000
11777,-63,-99,-4006
11797,-45,-85,-4044
11817,-61,-56,-4057
11837,-90,-51,-4053
11857,-107,-40,-4009
11877,-125,-63,-3984
11897,-122,-85,-3960
11917,-103,-108,-3956
11937,-79,-109,-3974
11957,-76,-86,-4022
11977,-64,-63,-4068
11997,-74,-31,-4080
12017,-86,-42,-4039
12038,-126,-73,-3991
12057,-110,-94,-3951
12077,-102,-113,-3950
12098,-104,-102,-3989
12117,-64,-63,-4029
12137,-73,-71,-4068
12158,-77,-59,-4043
12177,-71,-53,-4030
12197,-103,-71,-3997
12217,-122,-80,-3984
12237,-120,-106,-3982
12257,-93,-94,-3976
12277,-84,-96,-3990
12297,-61,-86,-4018
12317,-67,-55,-4042
12338,-95,-44,-4052
12357,-114,-55,-4023
12377,-103,-73,-3994
12397,-102,-96,-3972
12417,-109,-98,-3956
12437,-89,-92,-3977
12457,-79,-72,-4012
12477,-82,-62,-4054
12497,-86,-46,-4048
12518,-79,-60,-4016
12537,-97,-79,-3989
12557,-100,-92,-3973
12578,-108,-92,-3983
12597,-106,-81,-3998
12617,-90,-71,-4015
12638,-61,-53,-4027
12657,-74,-62,-4020
12677,-83,-62,-4010
12697,-110,-88,-4008
12717,-117,-89,-4010
12737,-110,-94,-3990
12757,-104,-81,-3995
12777,-63,-67,-4006
12797,-68,-56,-4013
12817,-85,-65,-4033
12837,-96,-63,-4035
12857,-103,-83,-4019
12877,-107,-83,-4002
12897,-112,-91,-3975
12917,-86,-79,-3980
12937,-89,-73,-4014
12957,-81,-70,-4040
12977,-71,-48,-4029
12998,-83,-69,-4013
13017,-87,-97,-4010
13037,-88,-87,-3992
13058,-113,-97,-3996
13077,-101,-78,-3999
13097,-106,-76,-4025
13118,-88,-59,-4020
13137,-70,-59,-4000
13157,-65,-62,-4003
13177,-75,-81,-4011
13197,-111,-81,-4034
13217,-109,-87,-4020
13237,-113,-83,-3997
13257,-96,-73,-4001
13277,-92,-67,-4004
13297,-74,-61,-4000
13317,-67,-57,-4026
13337,-86,-78,-4041
13357,-84,-90,-4016
13377,-95,-91,-4006
13397,-96,-94,-3992
13417,-104,-64,-4012
13437,-105,-60,-4014
13457,-109,-57,-4032
13478,-102,-64,-4009
13497,-83,-74,-4010
13517,-67,-87,-4006
13538,-88,-97,-3996
13557,-86,-72,-4022
13577,-109,-74,-4017
13598,-111,-61,-4009
13617,-88,-70,-3997
13637,-89,-70,-3991
13657,-82,-77,-3998
13677,-85,-83,-4012
13697,-81,-74,-4016
13717,-96,-75,-4028
13737,-93,-69,-4006
13757,-95,-90,-4006
13777,-92,-61,-3995
13797,-102,-75,-3990
13817,-91,-69,-4015
13837,-98,-94,-4017
13857,-72,-84,-4019
13877,-74,-74,-4005
13897,-73,-83,-4019
13917,-102,-62,-4021
13937,-117,-66,-4027
13958,-101,-64,-4000
13977,-86,-74,-3999
13997,-91,-87,-3997
14018,-87,-83,-4005
14037,-103,-76,-4027
14057,-96,-79,-4041
14078,-93,-52,-4049
14097,-108,-61,-4008
14117,-104,-76,-3989
14137,-100,-72,-3984
14157,-92,-92,-3997
14177,-92,-85,-4030
14197,-81,-79,-4025
14217,-71,-67,-4030
14237,-93,-63,-4014
14257,-93,-78,-3994
14277,-93,-71,-4006
14297,-115,-68,-3999
14317,-102,-80,-4005
14337,-82,-81,-4005
14357,-63,-82,-3996
14377,-83,-68,-4011
14397,-98,-78,-4032
14417,-95,-68,-4018
14438,-102,-72,-4009
14457,-103,-85,-4006
14477,-74,-73,-3976
14498,-80,-86,-3984
14517,-70,-86,-4017
14537,-77,-69,-4052
14558,-106,-65,-4028
14577,-93,-73,-4024
14597,-106,-73,-4000
14617,-77,-77,-3983
14637,-88,-86,-3991
14657,49,24,-3765
14677,-76,-147,-4060
14697,-172,-183,-4099
14717,286,-112,-3548
14737,109,-17,-3821
14757,-160,40,-4003
14777,-15,-59,-3918
14797,-239,-71,-4107
14817,-123,-75,-3914
14837,-34,-113,-3962
14857,-93,-33,-3993
14877,-51,-101,-4034
14897,-78,-74,-4029
14918,-120,-91,-4032
14937,-112,-89,-4059
14957,-80,-73,-3998
14978,-88,-93,-3942
14997,-74,-64,-3934
15017,-66,-84,-3992
15038,-81,-74,-4031
15057,-80,-68,-4051
15077,-83,-89,-4041
15097,-92,-69,-4010
15117,-110,-79,-3998
15137,-112,-74,-3994
15157,-104,-67,-3993
15177,-86,-84,-3979
15197,-87,-76,-3994
15217,-65,-74,-4009
15237,-73,-81,-4024
15257,-74,-75,-4025
15277,-101,-78,-4029
15297,-130,-74,-4018
15317,-110,-72,-3988
15337,-95,-67,-3969
15357,-86,-81,-3980
15377,-72,-74,-4011
15398,-76,-65,-4046
15417,-80,-77,-4057
15437,-103,-77,-4035
15458,-90,-87,-4005
15477,-96,-86,-3983
15497,-108,-79,-3979
15518,-104,-72,-3993
15537,-96,-75,-4008
15557,-83,-73,-4013
15577,-89,-79,-4027
15597,-88,-72,-4019
15617,-102,-74,-4017
15637,-120,-59,-4008
15657,-104,-60,-3997
15677,-97,-76,-3998
15697,-85,-80,-3990
15717,-76,-81,-3991
15737,-88,-84,-4024
15757,-97,-72,-4039
15777,-100,-68,-4032
15797,-91,-75,-4010
15817,-112,-74,-4004
15837,-99,-66,-3989
15857,-84,-83,-3983
15877,-88,-62,-4014
15897,-74,-75,-4035
15917,-74,-68,-4038
15938,-82,-68,-4023
15958,-106,-75,-4015
15977,-119,-69,-3985
15998,-113,-91,-3998
16017,-108,-76,-3999
16037,-85,-79,-3992
16057,-59,-66,-4011
16077,-59,-76,-4015
16097,-92,-72,-4029
16117,-86,-72,-4024
16137,-131,-76,-4026
16157,-123,-69,-4002
16177,-92,-72,-3966
16197,-90,-72,-3981
16217,-87,-65,-4002
16237,-57,-83,-4028
16257,-82,-59,-4049
16277,-101,-71,-4034
16297,-105,-75,-4015
16317,-96,-62,-3991
16337,-121,-79,-3973
16358,-103,-77,-3994
16377,-93,-84,-4014
16397,-78,-70,-4018
16418,-60,-76,-4014
16437,-57,-70,-4015
16457,-87,-77,-4012
16478,-117,-84,-4018
16497,-127,-83,-4005
16517,-109,-81,-4008
16537,-105,-83,-3980
16557,-87,-91,-4000
16577,-75,-65,-4002
16597,-81,-73,-4024
16617,-87,-76,-4047
16637,-103,-68,-4037
16657,-109,-83,-4012
16677,-116,-71,-3978
16697,-103,-69,-3975
16717,-102,-66,-4007
16737,-88,-75,-4017
16757,-91,-76,-4037
16777,-85,-77,-4049
16797,-89,-69,-4018
16817,-96,-70,-3998
16838,-94,-57,-3991
16857,-120,-69,-4009
16877,-120,-80,-4005
16898,-96,-91,-4008
16917,-81,-93,-3997
16937,-79,-82,-4012
16958,-75,-74,-4025
16977,-94,-75,-4025
16997,-96,-65,-4032
17017,-115,-80,-3991
17037,-107,-75,-3991
17057,-79,-82,-3968
17077,-85,-80,-4003
17097,-81,-61,-4028
17117,-80,-86,-4043
17137,-93,-67,-4031
17157,-87,-87,-4009
17177,-83,-75,-3993
17197,-102,-74,-3994
17217,-94,-69,-4004
17237,-93,-65,-4009
17257,-72,-76,-4010
17277,-85,-75,-4007
17297,-75,-80,-4010
17318,-91,-74,-4015
17337,-107,-78,-4014
17357,-106,-66,-4020
17378,-109,-77,-4001
17397,-82,-68,-3989
17417,-86,-72,-3989
17438,-81,-75,-4008
17457,-100,-76,-4027
17477,-94,-76,-4047
17497,-99,-69,-4022
17517,-112,-74,-4011
17537,-106,-78,-3986
17557,-75,-82,-3988
17577,-80,-76,-4003
17597,-89,-75,-4019
17617,-75,-74,-4023
17637,-80,-77,-4022
17657,-81,-83,-4011
17677,-107,-73,-4005
17697,-114,-81,-4007
17717,-111,-72,-4009
17737,-100,-81,-4008
17757,-72,-58,-4004
17777,-76,-90,-3999
17798,-84,-77,-4010
17817,-96,-73,-4024
17837,-99,-78,-4030
17858,-108,-68,-4026
17877,-104,-70,-3991
17897,-101,-75,-3986
17918,-96,-73,-3984
17937,-91,-75,-4012
17957,-92,-72,-4039
17977,-88,-73,-4043
17997,-88,-73,-4025
18017,-86,-73,-3996
18037,-100,-75,-3995
18057,-103,-86,-3993
18077,-113,-78,-4006
18097,-102,-80,-4004
18117,-81,-70,-4019
18137,-68,-66,-4011
18157,-80,-73,-4007
18177,-94,-76,-4006
18197,-119,-74,-4026
18217,-112,-61,-4016
18237,-111,-74,-3988
18257,-101,-85,-3980
18278,-79,-70,-3982
18297,-69,-71,-3998
18317,-85,-73,-4025
18338,-88,-71,-4032
18357,-102,-72,-4020
18377,-90,-78,-3991
18398,-78,-70,-3993
18417,-96,-71,-3997
18437,-102,-80,-4022
18457,-91,-70,-4020
18477,-90,-79,-4019
18497,-84,-76,-4015
18517,-86,-77,-4009
18537,-75,-61,-4007
18557,-94,-64,-4000
18577,-108,-70,-4018
18597,-105,-81,-4002
18617,-87,-80,-4001
18637,-85,-91,-3991
18657,-76,-63,-4010
18677,-88,-66,-4026
18697,-104,-73,-4022
18717,-112,-75,-4019
18737,-100,-72,-3995
18758,-97,-72,-3989
18777,-89,-71,-3999
18797,-92,-60,-4014
18818,-93,-70,-4036
18837,-97,-71,-4026
18857,-92,-84,-4005
18878,-94,-81,-3996
18897,-100,-76,-3979
18917,-102,-64,-3999
18937,-90,-70,-4008
18957,-98,-68,-4010
18977,-85,-70,-4010
18997,-72,-72,-4006
19017,-86,-82,-4004
19037,-93,-77,-4020
19057,-94,-73,-4026
19077,-107,-69,-4009
19097,-115,-72,-3989
19117,-92,-80,-3997
19137,-87,-70,-3992
19157,-96,-76,-4017
19177,-94,-76,-4038
19197,-78,-67,-4025
19217,-106,-76,-4021
19238,-108,-76,-3994
19257,-96,-75,-3985
19277,-103,-80,-3997
19298,-95,-73,-4019
19317,-80,-57,-4025
19337,-83,-79,-4029
19358,-96,-73,-4012
19377,-87,-88,-3998
19397,-91,-75,-4019
19417,-98,-75,-4013
19437,-120,-76,-4009
19457,-83,-63,-3997
19477,-71,-74,-4008
19498,-85,-82,-4009
19518,-93,-90,-4023
19537,-97,-68,-4026
19557,-100,-76,-4028
19577,-91,-65,-4007
19597,-95,-90,-3996
19617,-100,-77,-3981
19637,-74,-69,-4012
19657,-91,-71,-4008
19677,-82,-69,-4028
19697,-107,-70,-4017
19718,-74,-67,-4015
19737,-95,-85,-3997
19757,-101,-85,-3995
19778,-107,-81,-3999
19797,-102,-73,-4027
19817,-90,-77,-4018
19838,-83,-66,-3993
19857,-90,-80,-4011
19877,-80,-74,-4012
19897,-93,-88,-4013
19917,-108,-66,-4017
19937,-91,-71,-4014
19957,-102,-84,-4003
19977,-72,-72,-3989
19997,-99,-79,-4007
20017,-90,-71,-4032
20037,-103,-76,-4020
20057,-116,-77,-4039
20077,-90,-71,-4002
20097,-82,-73,-3995
20117,-100,-70,-3990
20137,-98,-77,-4001
20157,-86,-79,-4013
20177,-88,-77,-4018
20198,-86,-79,-4023
20217,-93,-77,-4001
20237,-83,-71,-3998
20258,-104,-86,-4019
20277,-106,-84,-4017
20297,-97,-72,-4001
20318,-96,-72,-4012
20337,-87,-89,-4007
20357,-70,-74,-4007
20377,-78,-69,-4014
20397,-97,-74,-4023
20417,-101,-71,-4017
20437,-91,-72,-4002
20457,-97,-87,-3998
20477,-96,-77,-3998
20497,-91,-73,-4011
20517,-103,-78,-4024
20537,-103,-73,-4015
20557,-100,-77,-4015
20577,-92,-78,-3997
20597,-98,-72,-3994
20617,-106,-79,-4000
20637,-100,-71,-4008
20657,-96,-69,-4014
20678,-94,-74,-4019
20697,-81,-76,-4001
20717,-87,-79,-4015
20738,-93,-83,-4015
20757,-84,-77,-4017
20777,-110,-80,-4013
20798,-98,-83,-4012
20817,-96,-75,-4003
20837,-86,-74,-3982
20857,-90,-69,-4009
20877,-103,-73,-4018
20897,-72,-68,-4030
20917,-93,-75,-4015
20937,-93,-83,-4018
20957,-96,-71,-3980
20977,-98,-82,-3989
20997,-93,-76,-4024
21017,-94,-57,-4012
21037,-85,-77,-4012
21057,-91,-69,-4010
21077,-87,-79,-4011
21097,-98,-73,-4016
21117,-104,-80,-4010
21137,-124,-71,-4017
21158,-98,-70,-4028
21177,-74,-64,-4001
21197,-75,-73,-4011
21218,-95,-85,-4004
21237,-92,-74,-4011
21257,-96,-75,-4018
21278,-93,-74,-4018
21297,-107,-74,-3999
21317,-98,-78,-3982
21337,-93,-77,-4003
21357,-103,-74,-3998
21377,-97,-71,-4024
21397,-86,-79,-4025
21417,-76,-74,-3992
21437,-95,-78,-4004
21457,-98,-82,-4003
21477,-92,-68,-4009
21497,-96,-66,-4021
21517,-93,-78,-4014
21537,-79,-68,-4002
21557,-83,-73,-3991
21577,-89,-78,-4012
21597,-105,-77,-4012
21617,-108,-77,-4017
21638,-96,-72,-4033
21657,-96,-80,-4008
21677,-83,-80,-3999
21698,-97,-70,-3994
21717,-96,-80,-4011
21737,-101,-80,-4021
21758,-104,-73,-4028
21777,-95,-66,-4009
21797,-83,-68,-4009
21817,-95,-69,-3998
21837,-115,-69,-4008
21857,-97,-76,-4019
21877,-103,-84,-4024
21897,-100,-75,-4016
21917,-91,-73,-4001
21937,-78,-70,-4001
21957,-99,-75,-4010
21977,-116,-68,-4006
21997,-122,-66,-4017
22017,-106,-67,-4001
22037,-89,-71,-3990
22057,-90,-80,-3998
22077,-88,-74,-4007
22097,-92,-68,-4023
22118,-107,-73,-4033
22137,-109,-78,-4006
22157,-97,-74,-3993
22178,-87,-71,-3992
22197,-76,-58,-3995
22217,-95,-73,-4012
22238,-100,-65,-4019
22257,-92,-74,-4032
22277,-90,-82,-4002
22297,-98,-76,-3991
22317,-99,-80,-3985
22337,-84,-64,-4003
22357,-107,-73,-4021
22377,-109,-78,-4031
22397,-85,-78,-3992
22417,-89,-80,-4011
22437,-87,-80,-4005
22457,-83,-75,-4017
22477,-97,-76,-4024
22497,-104,-78,-4020
22517,-101,-79,-3998
22537,-104,-82,-3995
22557,-88,-75,-4006
22577,-97,-75,-4006
22598,-91,-66,-4038
22617,-99,-68,-4014
22637,-95,-75,-4021
22658,-99,-79,-3998
22677,-88,-67,-3984
22697,-112,-76,-4024
22718,-86,-67,-4030
22737,-94,-71,-4028
22757,-90,-79,-4008
22777,-88,-84,-4006
22797,-98,-66,-4010
22817,-108,-81,-4010
22837,-97,-74,-4027
22857,-102,-59,-4028
22877,-98,-72,-4011
22897,-93,-82,-4003
22918,-93,-86,-3997
22938,-97,-75,-4016
22957,-93,-87,-4034
22977,-87,-74,-4021
22997,-90,-70,-4016
23017,-83,-73,-3998
23037,-96,-72,-4001
23057,-91,-77,-4014
23078,-89,-83,-4027
23097,-107,-66,-4030
23117,-85,-69,-4008
23138,-98,-94,-4001
23157,-88,-76,-3993
23177,-103,-78,-3997
23198,-101,-67,-4029
23217,-109,-73,-4012
23237,-85,-66,-4010
23257,-81,-83,-3998
23277,-85,-66,-3993
23297,-103,-78,-4010
23317,-95,-71,-4019
23337,-97,-73,-4017
23357,-99,-80,-4004
23377,-80,-76,-4001
23397,-94,-86,-3985
23417,-95,-69,-4012
23437,-101,-61,-4022
23457,-107,-72,-4026
23477,-97,-69,-4017
23497,-89,-64,-3995
23517,-85,-78,-4005
23537,-98,-83,-3999
23558,-106,-77,-4007
23577,-105,-67,-4024
23597,-113,-70,-4024
23618,-91,-75,-3994
23637,-74,-67,-3993
23657,-98,-82,-4003
23678,-104,-77,-4017
23697,-101,-77,-4020
23717,-104,-78,-4031
23737,-90,-75,-4008
23757,-91,-79,-4007
23777,-75,-71,-3998
23797,-90,-72,-4020
23817,-100,-70,-4018
23837,-97,-82,-4017
23857,-87,-86,-4009
23877,-97,-77,-4011
23897,-79,-61,-3999
23917,-102,-75,-4019
23937,-103,-72,-4028
23957,-104,-77,-3998
23977,-99,-70,-4007
23997,-80,-74,-3991
24017,-97,-73,-4001
24037,-75,-70,-4012
24057,-102,-69,-4011
24077,-104,-73,-4022
24098,-100,-78,-3999
24117,-87,-80,-3990
24137,-89,-77,-4002
24158,-95,-67,-4011
24177,-98,-73,-4033
24197,-106,-65,-4017
24217,-81,-82,-4015
24237,-90,-75,-4008
24257,-90,-70,-4001
24277,-98,-69,-4015
24297,-97,-77,-4012
24317,-101,-72,-4029
24337,-109,-64,-4006
24357,-89,-76,-3993
24377,-100,-66,-3992
24397,-108,-80,-4006
24417,-87,-59,-4015
24437,-110,-67,-4003
24457,-95,-77,-4021
24477,-86,-79,-3997
24497,-89,-72,-4002
24518,-96,-72,-4000
24537,-112,-73,-4021
24557,-85,-63,-4005
24578,-98,-76,-4006
24597,-93,-80,-3993
24617,-88,-73,-3996
24638,-89,-83,-4022
24657,-110,-76,-4025
24677,-89,-53,-4028
24697,-91,-75,-4012
24717,-98,-79,-3997
24737,-87,-73,-3997
24757,-103,-72,-3999
24777,-97,-70,-4018
24797,-98,-70,-4013
24817,-73,-57,-4012
24837,-92,-81,-4004
24857,-90,-79,-3999
24877,-83,-75,-3997
24897,-104,-77,-4017
24917,-91,-74,-4025
24937,-97,-74,-4012
24957,-87,-69,-3995
24977,-93,-70,-4003
24998,-111,-77,-4008
25017,-98,-72,-4017
25037,-108,-66,-4011
25058,-95,-79,-4003
25077,-76,-64,-4013
25097,-77,-75,-4001
25118,-93,-73,-4004
25137,-86,-77,-4023
25157,-105,-74,-4020
25177,-98,-71,-4022
25197,-93,-85,-4002
25217,-81,-82,-4004
25237,-79,-73,-3995
25257,-100,-69,-4019
25277,-115,-64,-4022
25297,-102,-70,-4009
25317,-82,-78,-4001
25337,-75,-71,-3991
25357,-96,-86,-4012
25377,-110,-77,-4007
25397,-101,-76,-4021
25417,-98,-70,-4023
25437,-95,-84,-4005
25457,-92,-79,-3998
25478,-73,-71,-4004
25497,-92,-68,-4011
25517,-98,-76,-4027
25538,-117,-73,-4015
25557,-94,-74,-4009
25577,-94,-76,-3997
25598,-77,-67,-3989
25617,-106,-72,-4015
25637,-105,-75,-4029
25657,-98,-67,-4017
25677,-100,-71,-4010
25697,-88,-71,-3996
25717,-86,-86,-3999
25737,-82,-57,-4001
25757,-108,-79,-4024
25777,-101,-74,-4019
25797,-98,-74,-4003
25817,-88,-76,-4003
25837,-89,-77,-4003
25857,-83,-84,-4009
25877,-109,-73,-4025
25897,-111,-67,-4032
25917,-87,-73,-4013
25937,-96,-72,-3995
25958,-87,-80,-4017
25977,-96,-77,-4014
25997,-89,-65,-4019
26018,-104,-69,-4029
26037,-106,-74,-3998
26057,-97,-76,-4006
26078,-84,-66,-4005
26097,-88,-65,-3998
26117,-92,-60,-4017
26137,-95,-62,-4014
26157,-92,-70,-4015
26177,-84,-79,-4005
26197,-93,-79,-3992
26218,-102,-86,-4008
26238,-96,-78,-4013
26265,-75,-70,-3995
26277,-94,-59,-4002
26297,-96,-86,-3990
26317,-97,-75,-4006
26337,-82,-79,-4005
26357,-94,-60,-4033
26377,-96,-63,-4020
26397,-89,-61,-4030
26417,-87,-61,-4017
26438,-96,-75,-3998
26457,-89,-68,-3994
26477,-95,-78,-4027
26498,-97,-69,-4028
26517,-85,-67,-4016
26537,-87,-71,-3996
26558,-93,-70,-4001
26577,-100,-68,-3995
26597,-91,-73,-4013
26617,-96,-72,-4025
26637,-99,-70,-4021
26657,-67,-71,-4017
26677,-97,-81,-3993
26697,-91,-68,-4012
26717,-98,-68,-4019
26737,-102,-79,-4014
26757,-110,-82,-4008
26777,-73,-67,-4004
26797,-91,-68,-3999
26817,-91,-88,-4001
26837,-102,-79,-4019
26857,-88,-67,-4024
26877,-109,-76,-4019
26897,-98,-84,-4016
26918,-68,-72,-4001
26937,-90,-78,-3997
26957,-97,-79,-4011
26978,-108,-70,-4029
26997,-101,-70,-4010
27017,-96,-70,-4019
27038,-73,-76,-3990
27057,-90,-84,-4013
27077,-92,-77,-4018
27097,-108,-73,-4016
27117,-102,-75,-4027
27137,-98,-86,-4015
27157,-92,-72,-3990
27177,-81,-63,-3995
27197,-89,-73,-4000
27217,-102,-71,-4017
27237,-96,-71,-4026
27257,-105,-72,-4013
27277,-97,-68,-4003
27297,-79,-68,-3992
27317,-96,-75,-4015
27337,-88,-77,-4004
27357,-101,-75,-4021
27377,-94,-86,-4021
27398,-100,-72,-4008
27417,-92,-78,-3996
27437,-94,-67,-4011
27458,-102,-78,-4020
27477,-90,-70,-4022
27497,-100,-80,-4011
27518,-95,-84,-4008
27537,-83,-73,-4006
27557,-80,-75,-4004
27577,-96,-71,-4015
27597,-111,-83,-4016
27617,-94,-64,-4020
27637,-87,-77,-3997
27657,-89,-74,-4012
27677,-94,-75,-4019
27697,-84,-67,-4023
27717,-91,-66,-4017
27737,-109,-73,-4017
27757,-101,-75,-4007
27777,-100,-75,-3999
27797,-97,-85,-3999
27817,-99,-74,-4012
27837,-106,-83,-4017
27857,-88,-80,-4015
27878,-94,-72,-4012
27897,-95,-76,-3994
27917,-88,-74,-4006
27938,-99,-78,-4004
27957,-89,-67,-4032
27977,-97,-72,-4019
27998,-101,-76,-4007
28017,-87,-72,-4002
28037,-98,-84,-3983
28057,-108,-67,-4005
28077,-99,-73,-4033
28097,-94,-63,-4029
28117,-91,-70,-4009
28137,-91,-75,-3997
28157,-101,-87,-4002
28177,-93,-68,-4013
28197,-112,-72,-4031
28217,-96,-66,-4021
28237,-96,-68,-4026
28257,-101,-76,-3994
28277,-98,-74,-4002
28297,-96,-74,-3999
28317,-97,-72,-4032
28337,-90,-64,-4030
28358,-86,-65,-4013
28377,-93,-80,-4003
28397,-88,-65,-3995
28418,-95,-74,-4002
28437,-107,-68,-4021
28457,-90,-73,-4024
28478,-85,-74,-4012
28497,-93,-85,-4008
28517,-91,-81,-3990
28537,-100,-67,-4014
28557,-99,-79,-4019
28577,-102,-74,-4016
28597,-104,-76,-4011
28617,-87,-60,-4000
28637,-90,-78,-4001
28657,-93,-84,-4003
28677,-112,-78,-4013
28697,-94,-73,-4027
28717,-99,-77,-4012
28737,-75,-63,-3992
28757,-91,-69,-3990
28777,-79,-67,-4012
28797,-39,-109,-4042
28817,-208,29,-4172
28838,-17,41,-3814
28857,-14,-104,-3839
28877,-17,30,-3987
28898,-94,-83,-4067
28917,-98,-88,-3965
28937,-133,-91,-4044
28958,-120,-86,-4059
28977,-74,-82,-4022
28997,-66,-79,-4020
29017,-86,-71,-3991
29037,-79,-62,-3980
29057,-108,-62,-4036
29077,-122,-61,-4039
29097,-83,-77,-3985
29117,-120,-80,-3991
29137,-66,-61,-3991
29157,-68,-77,-4021
29177,-90,-81,-4027
29197,-115,-60,-4011
29217,-114,-55,-4014
29237,-100,-77,-4017
29257,-85,-61,-3988
29277,-101,-79,-3980
29297,-81,-98,-4003
29318,-92,-86,-4011
29337,-106,-74,-4036
29357,-82,-75,-4034
29378,-92,-70,-4009
29397,-92,-60,-4001
30161,-114,-79,-3997
30161,-107,-72,-4032
30161,-107,-72,-4032
30162,-91,-71,-4026
30162,-91,-71,-4026
30162,-91,-71,-4026
30165,-90,-72,-4004
30165,-90,-72,-4004
30166,-100,-76,-4011
30166,-100,-76,-4011
30166,-100,-76,-4011
30167,-94,-72,-4007
30167,-94,-72,-4007
30167,-94,-72,-4007
30168,-82,-72,-4002
30168,-82,-72,-4002
30168,-82,-72,-4002
30169,-86,-70,-3996
30169,-86,-70,-3996
30169,-86,-70,-3996
30170,-86,-60,-3995
30170,-85,-60,-3995
30170,-85,-60,-3995
30171,-85,-60,-3995
30171,-87,-62,-3997
30171,-87,-62,-3997
30171,-87,-62,-3997
30172,-83,-64,-4006
30172,-83,-64,-4006
30173,-83,-64,-4019
30173,-83,-63,-4019
30175,-82,-55,-4022
30176,-82,-51,-4020
30176,-82,-51,-4020
30176,-82,-51,-4020
30177,-82,-62,-4015
30177,-91,-62,-4015
30177,-91,-62,-4015
30178,-100,-61,-4008
30197,-99,-73,-4015
30218,-92,-83,-4006
30237,-105,-80,-3991
30257,-88,-85,-4001
30278,-109,-81,-4006
30297,-103,-74,-4005
30317,-85,-60,-4026
30337,-96,-67,-4008
30357,-91,-90,-3999
30377,-107,-73,-4013
30397,-110,-73,-4011
30417,-112,-78,-4012
30437,-91,-68,-4006
30457,-100,-66,-4002
30477,-93,-68,-3999
30497,-92,-74,-4017
30518,-90,-67,-4016
30537,-105,-78,-4020
30557,-101,-76,-4010
30578,-93,-71,-4014
30597,-102,-79,-3996
30617,-98,-73,-3998
30638,-100,-74,-4002
30657,-100,-71,-4011
30677,-86,-72,-4015
30698,-73,-73,-4008
30717,-97,-79,-4000
30737,-101,-82,-4015
30758,-108,-65,-4010
30777,-102,-76,-4000
30797,-109,-68,-4016
30817,-103,-76,-3998
30837,-81,-68,-3993
30857,-100,-77,-4019
30877,-95,-75,-4002
30897,-104,-71,-4017
30917,-93,-78,-4015
30937,-108,-88,-4024
30957,-86,-54,-3994
30977,-86,-52,-3989
30998,-98,-81,-3998
31017,-100,-83,-4009
31037,-99,-86,-4015
31058,-92,-86,-4010
31077,-97,-69,-4021
31097,-88,-65,-4007
31118,-115,-72,-4016
31137,-112,-77,-4019
31157,-108,-63,-4026
31178,-97,-81,-3995
31197,-94,-76,-4000
31217,-86,-86,-3998
31238,-83,-74,-4006
31257,-89,-83,-4026
31277,-99,-85,-4027
31297,-96,-70,-4008
31317,-98,-63,-3985
31337,-89,-75,-3980
31357,-85,-72,-4002
31377,-96,-88,-4004
31397,-107,-64,-4020
31417,-96,-77,-4017
31437,-111,-70,-4011
31457,-83,-65,-3999
31478,-101,-73,-4011
31497,-83,-78,-4022
31517,-102,-79,-4011
31538,-103,-73,-4016
31557,-100,-68,-4006
31577,-95,-77,-4008
31598,-95,-86,-4002
31617,-89,-64,-4019
31637,-93,-80,-4004
31658,-93,-77,-4021
31677,-95,-86,-4004
31697,-88,-84,-4005
31718,-99,-72,-3997
31737,-98,-73,-4018
31757,-86,-59,-4022
31777,-109,-75,-4019
31797,-92,-71,-4001
31817,-110,-76,-3986
31837,-91,-79,-3992
31857,-80,-70,-4000
31877,-79,-58,-4005
31897,-104,-75,-4012
31917,-87,-64,-4012
31937,-110,-61,-3994
31958,-101,-81,-3993
31977,-108,-81,-4005
31997,-93,-81,-4011
32018,-88,-75,-4015
32037,-86,-73,-4022
32057,-95,-69,-4012
32078,-82,-71,-4009
32097,-95,-61,-4014
32117,-107,-66,-4021
32138,-94,-71,-4001
32157,-106,-70,-4001
32177,-98,-73,-3995
32198,-96,-76,-4000
32217,-93,-69,-4024
32237,-97,-73,-4017
32257,-108,-72,-4007
32277,-82,-67,-4001
32297,-101,-78,-3994
32317,-93,-89,-3990
32337,-103,-79,-4016
32357,-94,-69,-4012
32377,-103,-70,-4022
32397,-84,-65,-4009
32417,-82,-64,-3996
32438,-85,-81,-4004
32457,-99,-73,-4010
32477,-100,-67,-4008
32498,-104,-78,-4023
32517,-93,-80,-4001
32537,-74,-59,-4004
32558,-100,-77,-4004
32577,-93,-78,-4007
32597,-105,-69,-4013
32618,-93,-75,-4026
32637,-101,-75,-4011
32657,-92,-61,-3992
32678,-79,-68,-4007
32697,-99,-65,-4010
32717,-100,-70,-4009
32737,-97,-77,-4020
32757,-92,-82,-4015
32777,-99,-74,-4018
32797,-84,-66,-4001
32817,-96,-85,-3993
32837,-104,-71,-4016
32857,-114,-66,-4018
32877,-112,-80,-4018
32897,-98,-68,-4014
32918,-103,-71,-4007
32937,-81,-72,-4019
32957,-90,-66,-4008
32978,-100,-80,-4032
32997,-109,-69,-4012
33017,-105,-73,-4021
33038,-90,-80,-4021
33057,-90,-64,-4005
33077,-99,-70,-4012
33098,-97,-83,-4027
33117,-106,-74,-4015
33137,-85,-76,-4012
33158,-99,-87,-4008
33177,-77,-76,-3974
33197,-92,-83,-4020
33217,-120,-71,-4017
33237,-112,-63,-4019
33257,-88,-64,-3998
33277,-94,-65,-3989
33297,-100,-65,-4000
33317,-80,-75,-3997
33337,-106,-76,-4013
33357,-103,-82,-4028
33377,-104,-79,-4025
33398,-105,-71,-3997
33417,-105,-70,-3991
33437,-95,-67,-4006
33458,-85,-72,-4008
33477,-84,-72,-4019
33497,-87,-93,-4018
33518,-75,-88,-3998
33537,-99,-74,-4014
33557,-105,-69,-4020
33578,-98,-56,-4023
33597,-114,-58,-4004
33617,-111,-63,-4000
33638,-85,-82,-3999
33657,-86,-79,-4003
33677,-100,-91,-4015
33697,-103,-72,-4038
33717,-85,-74,-4016
33737,-101,-74,-4008
33757,-117,-83,-4001
33778,-102,-74,-3994
33797,-100,-78,-4001
33817,-100,-69,-4004
33837,-81,-60,-4017
33857,-74,-70,-4014
33878,-82,-70,-4011
33897,-90,-71,-4014
33917,-105,-76,-4007
33938,-118,-68,-4005
33957,-112,-76,-4004
33977,-81,-78,-4003
33998,-84,-89,-4002
34017,-88,-77,-4017
34037,-86,-76,-4020
34058,-113,-71,-4028
34077,-121,-76,-4019
34097,-99,-79,-3999
34118,-96,-67,-3984
34137,-95,-86,-3994
34157,-86,-69,-4014
34177,-99,-72,-4025
34197,-106,-72,-4027
34217,-106,-71,-4018
34237,-92,-69,-4008
34257,-74,-62,-3991
34277,-105,-69,-3997
34297,-104,-91,-4017
34317,-98,-70,-4017
34337,-94,-74,-4014
34358,-91,-70,-4009
34377,-80,-61,-4008
34397,-103,-71,-3994
34418,-110,-83,-4011
34437,-111,-71,-4011
34457,-99,-79,-4001
34478,-99,-81,-4002
34497,-72,-72,-4001
34517,-76,-80,-4022
34538,-87,-71,-4034
34557,-100,-76,-4026
34577,-113,-75,-4009
34598,-101,-87,-4005
34617,-105,-79,-3997
34637,-71,-74,-4004
34657,-101,-75,-4015
34677,-93,-82,-4027
34697,-99,-81,-4040
34717,-105,-80,-4013
34737,-98,-78,-4004
34757,-90,-80,-3984
34777,-112,-81,-4005
34797,-103,-85,-4013
34817,-100,-74,-4016
34838,-100,-73,-4004
34857,-72,-75,-4012
34877,-88,-67,-4017
34898,-92,-81,-4013
34917,-106,-68,-4028
34937,-117,-73,-4016
34958,-103,-77,-3998
34977,-103,-77,-3988
34997,-91,-73,-4001
35018,-77,-70,-4013
35037,-95,-67,-4036
35057,-105,-75,-4026
35078,-91,-86,-4020
35097,-110,-73,-4009
35117,-107,-85,-3981
35137,-117,-79,-4012
35157,-100,-73,-4008
35177,-106,-68,-4026
35197,-93,-66,-4013
35217,-79,-86,-4008
35237,-94,-86,-4005
35257,-87,-81,-4017
35277,-134,-68,-4021
35297,-112,-63,-4013
35318,-115,-80,-4001
35337,-89,-66,-4000
35357,-79,-84,-4007
35378,-86,-70,-4021
35397,-98,-114,-4079
35417,-212,-85,-4113
35438,-48,-73,-3980
35457,-45,-70,-3901
35477,-99,-58,-4000
35498,-76,-69,-3985
35517,-100,-66,-3990
35537,-136,-76,-4042
35558,-116,-81,-4059
35577,-37,-47,-3980
35597,-106,-91,-4012
35617,-102,-64,-3996
35637,-90,-78,-3987
35657,-114,-73,-4020
35677,-102,-79,-3991
35697,-105,-72,-3990
35717,-88,-89,-4028
35737,-76,-74,-3993
35757,-103,-68,-3999
35777,-102,-73,-4041
35797,-93,-75,-4025
35817,-98,-53,-3987
35837,-100,-70,-4008
35858,-97,-76,-4018
35877,-108,-72,-4012
35897,-86,-73,-4014
35918,-86,-83,-4012
35937,-92,-75,-4022
35957,-98,-84,-4009
35978,-102,-80,-4000
35997,-112,-76,-4007
36017,-113,-66,-4009
36038,-92,-79,-4019
36057,-102,-75,-4018
36077,-86,-71,-4011
36097,-99,-77,-4005
36117,-103,-71,-4018
36137,-118,-72,-4026
36157,-108,-79,-4027
36177,-108,-71,-4005
36197,-78,-68,-4003
36217,-83,-71,-4012
36237,-92,-83,-4009
36257,-97,-77,-4018
36278,-105,-76,-4025
36297,-116,-78,-4021
36317,-92,-71,-4002
36338,-92,-76,-3995
36357,-104,-72,-3997
36377,-96,-71,-3991
36398,-101,-80,-4007
36417,-90,-70,-4024
36437,-101,-70,-4023
36458,-83,-50,-4007
36477,-103,-70,-4004
36497,-112,-69,-4005
36518,-98,-74,-4014
36537,-97,-79,-4014
36557,-96,-78,-4009
36577,-91,-83,-4007
36597,-75,-70,-4006
36617,-91,-78,-4010
36637,-106,-66,-4017
36657,-108,-73,-4021
36677,-112,-62,-4011
36697,-97,-76,-4002
36717,-93,-82,-4006
36737,-79,-64,-4004
36758,-98,-70,-4015
36777,-101,-71,-4022
36797,-96,-72,-4027
36818,-97,-71,-4002
36837,-107,-71,-3993
36857,-95,-65,-3992
36878,-95,-73,-4010
36897,-96,-74,-4015
36917,-83,-79,-4008
36938,-93,-72,-4018
36957,-105,-76,-3996
36977,-101,-86,-4004
36997,-95,-67,-4004
37017,-108,-73,-4000
37037,-102,-73,-4011
37057,-104,-71,-3997
37077,-93,-74,-4011
37097,-94,-77,-4014
37117,-81,-90,-4028
37137,-90,-79,-4023
37157,-100,-90,-4006
37177,-92,-87,-4005
37197,-109,-60,-3992
37217,-90,-63,-3977
37238,-122,-68,-4025
37257,-99,-61,-4018
37277,-79,-88,-4015
37298,-97,-76,-4013
37317,-87,-68,-3996
37337,-100,-74,-4025
37358,-119,-72,-4029
37377,-94,-65,-4006
37397,-95,-60,-4000
37418,-86,-71,-3980
37437,-95,-96,-3998
37458,-93,-79,-4010
37478,-97,-75,-4038
37497,-107,-75,-4024
37517,-99,-64,-4000
37537,-107,-73,-3985
37557,-100,-68,-3990
37577,-89,-75,-4000
37597,-103,-74,-4021
37617,-100,-72,-4018
37637,-87,-79,-4023
37657,-92,-73,-4015
37677,-103,-72,-4005
37697,-107,-76,-4006
37718,-107,-65,-4008
37737,-99,-77,-3993
37757,-106,-76,-4002
37778,-73,-63,-3991
37797,-88,-70,-4010
37817,-103,-59,-4015
37838,-97,-83,-4029
37857,-105,-72,-4041
37877,-116,-75,-3995
37898,-98,-67,-3982
37917,-103,-70,-3985
37937,-97,-76,-4006
37958,-94,-74,-4030
37977,-96,-72,-4038
37997,-100,-82,-4026
38017,-103,-80,-4005
38037,-93,-63,-3996
38057,-96,-78,-3984
38077,-101,-83,-4011
38097,-108,-73,-4024
38117,-87,-71,-4024
38137,-95,-79,-4021
38157,-93,-78,-4011
38177,-80,-63,-4009
38198,-93,-76,-4018
38217,-106,-66,-4022
38237,-100,-82,-4012
38258,-107,-69,-4006
38277,-78,-75,-4003
38297,-74,-72,-4015
38318,-101,-75,-4018
38337,-95,-74,-4028
38357,-111,-80,-4026
38378,-104,-77,-4003
38397,-91,-94,-3976
38417,-99,-85,-3981
38438,-79,-67,-4001
38457,-95,-73,-4032
38477,-93,-59,-4034
38497,-103,-70,-4034
38517,-89,-81,-4001
38537,-109,-85,-4004
38557,-102,-65,-4001
38577,-99,-72,-4019
38597,-112,-72,-4015
38617,-93,-65,-4015
38637,-83,-76,-4008
38657,-89,-75,-4009
38678,-98,-87,-4020
38697,-100,-65,-4005
38717,-117,-90,-4014
38738,-109,-72,-4002
38757,-95,-80,-3998
38777,-90,-76,-3994
38798,-83,-75,-4020
38817,-90,-55,-4022
38837,-92,-71,-4033
38858,-93,-75,-4018
38877,-103,-81,-4000
38897,-112,-74,-4001
38918,-113,-78,-4009
38937,-101,-72,-4015
38957,-83,-62,-4012
38977,-95,-77,-4016
38997,-84,-74,-3994
39017,-85,-88,-4005
39037,-96,-78,-4008
39057,-105,-65,-4012
39077,-99,-63,-4012
39097,-109,-69,-4014
39117,-104,-75,-4001
39137,-91,-73,-4003
39158,-96,-78,-4011
39177,-103,-79,-4024
39197,-104,-82,-4027
39218,-96,-71,-4009
39237,-111,-79,-4008
39257,-95,-79,-4005
39278,-97,-77,-3993
39297,-99,-87,-4018
39317,-95,-71,-4027
39338,-97,-65,-4014
39357,-89,-70,-4017
39377,-98,-86,-3993
39398,-100,-91,-4000
39417,-110,-66,-4010
39437,-113,-71,-4008
39457,-101,-74,-4008
39477,-88,-66,-3995
39497,-70,-64,-4000
39517,-87,-78,-4008
39537,-93,-69,-4021
39557,-100,-82,-4021
39577,-106,-70,-4012
39597,-97,-75,-4003
39617,-90,-73,-3988
39638,-84,-74,-3997
39657,-92,-70,-4015
39677,-97,-73,-4025
39698,-97,-76,-4026
39717,-99,-81,-4017
39737,-85,-75,-4005
39758,-98,-66,-4004
39777,-112,-76,-4011
39797,-105,-65,-4010
39818,-101,-80,-4024
39837,-98,-63,-4006
39857,-95,-84,-4002
39878,-76,-75,-3988
39897,-97,-67,-4004
39917,-122,-74,-4019
39937,-110,-69,-4008
39957,-95,-88,-4007
39977,-91,-76,-4008
39997,-79,-66,-3998
40017,-93,-76,-4020
40037,-101,-73,-4024
40057,-115,-71,-4018
40077,-114,-71,-3984
40097,-103,-79,-3988
40118,-95,-72,-4003
40137,-88,-74,-3993
40157,-94,-86,-4017
40178,-107,-79,-4016
40197,-81,-74,-4014
40217,-105,-77,-4002
40238,-103,-74,-4003
40257,-90,-70,-3998
40277,-110,-79,-4008
40298,-109,-75,-4017
40317,-99,-67,-4013
40337,-90,-67,-4007
40358,-90,-78,-4001
40377,-91,-81,-4018
40397,-91,-51,-4022
40417,-113,-84,-4015
40437,-103,-80,-3995
40457,-93,-79,-4002
40477,-89,-86,-4010
40497,-84,-68,-4005
40517,-90,-62,-4024
40537,-97,-73,-4026
40557,-104,-82,-4021
40577,-106,-80,-4002
40598,-97,-79,-3993
40617,-102,-75,-3996
40637,-103,-86,-4002
40658,-82,-70,-4036
40677,-93,-73,-4016
40697,-99,-65,-4018
40718,-81,-75,-3997
40737,-97,-80,-4003
40757,-92,-83,-4000
40778,-99,-71,-4031
40797,-94,-71,-4010
40817,-76,-66,-4002
40838,-85,-78,-4005
40857,-93,-76,-4005
40877,-92,-84,-4008
40897,-107,-70,-4026
40917,-82,-62,-4015
40937,-104,-65,-4011
40957,-105,-77,-3994
40977,-96,-72,-3995
40997,-93,-75,-4010
41018,-102,-70,-4018
41038,-96,-75,-4018
41057,-87,-66,-4013
41085,-92,-82,-4004
41097,-98,-83,-4000
41117,-99,-77,-4003
41138,-103,-70,-4016
41157,-98,-66,-4031
