timestamp_ms,x,y,z
1779258256815,0.1000,-0.1000,10.3000
1779258256832,0.1000,-0.1000,9.8000
1779258256849,0.1000,0,9.4000
1779258256865,0,0,9.6000
1779258256882,0.1000,-0.1000,10.0000
1779258256898,0.1000,-0.1000,10.1000
1779258256915,0.1000,-0.1000,9.7000
1779258256932,0.1000,-0.1000,9.7000
1779258256948,0,-0.1000,9.8000
1779258256965,0,-0.1000,10.0000
1779258256982,0,-0.1000,10.1000
1779258256998,0,-0.1000,9.9000
1779258257015,0,-0.1000,9.7000
1779258257032,0,-0.1000,9.9000
1779258257049,0,-0.1000,9.9000
1779258257065,0,-0.1000,10.0000
1779258257082,0,0,9.9000
1779258257098,0,0,9.8000
1779258257115,0.1000,-0.1000,9.7000
1779258257132,0,-0.1000,9.9000
1779258257148,0,-0.1000,9.9000
1779258257165,0,-0.1000,9.8000
1779258257183,0,0,9.7000
1779258257198,0,-0.1000,9.8000
1779258257215,0,-0.1000,9.8000
1779258257232,0,0,9.8000
1779258257249,0,0,9.8000
1779258257265,0,0,9.8000
1779258257282,0,-0.1000,9.9000
1779258257302,0,-0.1000,9.9000
1779258257315,0,0,9.9000
1779258257332,0,-0.1000,9.8000
1779258257349,0,-0.1000,9.9000
1779258257365,0,0,9.9000
1779258257382,0,-0.1000,9.9000
1779258257399,0,0,9.9000
1779258257416,0,0,9.9000
1779258257433,0,-0.1000,9.9000
1779258257449,0,-0.1000,9.9000
1779258257465,0,0,9.9000
1779258257482,0,0,9.9000
1779258257498,0,0,9.8000
1779258257515,0,0,9.8000
1779258257532,0,-0.1000,9.9000
1779258257548,0,-0.1000,9.8000
1779258257565,0,-0.1000,9.8000
1779258257582,0,-0.1000,9.8000
1779258257598,0,-0.1000,9.8000
1779258257615,0,0,9.9000
1779258257632,0,0,9.8000
1779258257648,0,0,9.8000
1779258257665,0,-0.1000,9.8000
1779258257682,0,0,9.9000
1779258257698,0,0,9.8000
1779258257716,0,0,9.9000
1779258257732,0,0,9.9000
1779258257748,0,0,9.9000
1779258257765,0,-0.1000,9.9000
1779258257782,0,0,9.8000
1779258257801,0,0,9.8000
1779258257815,0,0,9.9000
1779258257832,0,0,10.1000
1779258257848,0,0,10.1000
1779258257865,0.1000,-0.1000,9.8000
1779258257882,0,0,9.8000
1779258257898,0.1000,0,9.9000
1779258257915,0,0,10.0000
1779258257932,0,0,9.8000
1779258257948,0,0,10.0000
1779258257965,0,0,10.0000
1779258257982,0,0,9.9000
1779258257998,0,0,9.8000
1779258258015,0,0,9.8000
1779258258032,0.1000,0,9.8000
1779258258049,0,-0.1000,9.9000
1779258258065,0,0,9.8000
1779258258082,0,0,9.8000
1779258258099,0,-0.1000,9.9000
1779258258115,0,-0.1000,9.9000
1779258258132,0,-0.1000,9.9000
1779258258148,0,0,9.9000
1779258258165,0,0,9.9000
1779258258182,0,0,9.9000
1779258258199,0,-0.1000,9.9000
1779258258215,0,-0.1000,9.9000
1779258258232,0,-0.1000,9.8000
1779258258248,0,-0.1000,9.8000
1779258258265,0,-0.1000,9.9000
1779258258282,0,-0.1000,9.9000
1779258258298,0,-0.1000,9.8000
1779258258315,0,-0.1000,9.9000
1779258258332,0,0,9.9000
1779258258348,0,-0.1000,9.8000
1779258258365,0,-0.1000,9.8000
1779258258382,0,-0.1000,9.9000
1779258258398,0,-0.1000,9.9000
1779258258415,0,-0.1000,9.9000
1779258258432,0,-0.1000,9.9000
1779258258449,0,-0.1000,9.8000
1779258258465,0,-0.1000,9.9000
1779258258482,0,-0.1000,9.9000
1779258258499,0,-0.1000,9.9000
1779258258516,0,0,9.9000
1779258258532,0,-0.1000,9.9000
1779258258549,0,-0.1000,9.8000
1779258258565,0,-0.1000,9.8000
1779258258582,0,-0.1000,9.9000
1779258258598,0,0,9.9000
1779258258615,0,0,9.8000
1779258258632,0,-0.1000,9.8000
1779258258648,0,-0.1000,9.8000
1779258258665,0,-0.1000,9.9000
1779258258682,0,0,9.8000
1779258258698,0,-0.1000,9.8000
1779258258715,0,-0.1000,9.8000
1779258258732,0,-0.1000,9.7000
1779258258750,0,-0.1000,9.9000
1779258258765,0,-0.1000,9.9000
1779258258782,0,-0.1000,9.7000
1779258258798,0,-0.1000,9.8000
1779258258815,0,0,9.8000
1779258258832,0,-0.1000,9.8000
1779258258848,0.1000,-0.1000,9.7000
1779258258865,-0.1000,0,10.0000
1779258258882,0,-0.1000,10.0000
1779258258898,0,-0.1000,10.0000
1779258258915,0,-0.1000,9.9000
1779258258932,0,-0.1000,9.9000
1779258258948,-0.1000,-0.1000,10.0000
1779258258965,-0.1000,-0.1000,10.0000
1779258258982,0.1000,-0.1000,9.5000
1779258258998,0,-0.1000,9.7000
1779258259015,0,-0.1000,10.1000
1779258259034,0,-0.1000,9.7000
1779258259048,-0.1000,-0.1000,9.6000
1779258259065,-0.1000,-0.1000,10.2000
1779258259082,-0.1000,-0.1000,10.2000
1779258259098,0,-0.1000,9.9000
1779258259115,0,-0.1000,9.8000
1779258259132,-0.1000,-0.1000,9.9000
1779258259149,0,-0.1000,9.9000
1779258259165,0,-0.1000,9.9000
1779258259182,0,-0.1000,9.8000
1779258259198,0,-0.1000,10.0000
1779258259216,0,-0.1000,9.9000
1779258259232,0,-0.1000,9.9000
1779258259248,0,-0.1000,9.9000
1779258259265,0,-0.1000,9.9000
1779258259282,0,-0.1000,9.9000
1779258259299,0,-0.1000,9.9000
1779258259315,0,-0.1000,9.8000
1779258259337,0,-0.1000,9.9000
1779258259348,0,-0.1000,9.8000
1779258259365,0,-0.1000,10.1000
1779258259382,0,-0.1000,9.8000
1779258259399,0.1000,-0.1000,9.8000
1779258259415,0,-0.1000,10.0000
1779258259433,0,-0.1000,10.0000
1779258259448,0,-0.1000,9.8000
1779258259465,0.1000,-0.1000,9.8000
1779258259483,-0.1000,-0.1000,10.2000
1779258259498,0,-0.1000,9.7000
1779258259516,0,-0.1000,9.8000
1779258259532,0,-0.1000,9.8000
1779258259549,-0.1000,-0.1000,10.0000
1779258259566,0,-0.1000,9.9000
1779258259583,0,-0.1000,9.9000
1779258259599,0,-0.1000,9.9000
1779258259615,0,-0.1000,9.9000
1779258259632,0,-0.1000,9.8000
1779258259648,0,-0.1000,9.7000
1779258259666,0,-0.1000,9.9000
1779258259683,0,-0.1000,9.9000
1779258259699,0,-0.1000,9.8000
1779258259715,0,-0.1000,9.8000
1779258259732,0,-0.1000,9.9000
1779258259749,0,-0.1000,9.9000
1779258259765,0.1000,-0.1000,9.5000
1779258259782,0,-0.1000,9.8000
1779258259799,0,0,9.7000
1779258259817,0,-0.1000,10.0000
1779258259832,0,-0.1000,10.0000
1779258259848,-0.1000,0,9.8000
1779258259865,0,-0.1000,9.8000
1779258259882,0,-0.1000,9.8000
1779258259898,0,-0.1000,9.9000
1779258259915,0,-0.1000,9.8000
1779258259932,0,-0.1000,9.9000
1779258259948,0,-0.1000,9.9000
1779258259965,-0.1000,-0.1000,9.9000
1779258259982,0,-0.1000,9.8000
1779258259998,0,-0.1000,9.9000
1779258260015,0,-0.1000,9.9000
1779258260032,0,0,9.8000
1779258260048,0.1000,-0.1000,9.6000
1779258260065,0,-0.1000,10.0000
1779258260082,0,-0.1000,10.0000
1779258260098,0.1000,0,9.7000
1779258260115,0,0,10.0000
1779258260132,0,0,9.8000
1779258260148,0.1000,-0.1000,9.8000
1779258260165,0,0,9.9000
1779258260182,0,0,9.8000
1779258260199,0,0,9.8000
1779258260215,0,0,9.9000
1779258260232,0,-0.1000,9.9000
1779258260248,0,0,9.8000
1779258260265,0,0,9.8000
1779258260282,0,-0.1000,10.0000
1779258260298,0,-0.1000,9.9000
1779258260315,0,0,9.9000
1779258260332,0,0,10.0000
1779258260348,0,0,9.9000
1779258260365,0,0,9.9000
1779258260382,0,0,9.9000
1779258260398,0,0,9.9000
1779258260415,0,0,9.9000
1779258260432,0,0,9.9000
1779258260448,0,0,9.8000
1779258260465,0,0,9.9000
1779258260482,0,0,10.0000
1779258260498,0,0,9.9000
1779258260515,0,0,9.8000
1779258260532,0,0,10.0000
1779258260549,0,0,10.0000
1779258260565,0,0,9.9000
1779258260582,0,0,9.9000
1779258260598,0,0,9.9000
1779258260615,0,0,9.8000
1779258260632,0,0,9.8000
1779258260650,0,0,9.9000
1779258260668,0,0,9.9000
1779258260682,0,0,9.9000
1779258260699,0,0,9.9000
1779258260715,0,0,9.9000
1779258260732,0,0,9.8000
1779258260748,0,0,9.9000
1779258260765,0,0,9.7000
1779258260782,0,0,9.9000
1779258260798,0,0,9.9000
1779258260815,0,0,9.8000
1779258260832,0,0,9.8000
1779258260848,0,0,9.9000
1779258260865,0,0,9.9000
1779258260882,0,0,9.8000
1779258260898,0,0,9.7000
1779258260915,0,0,9.7000
1779258260932,0,0,9.8000
1779258260948,0,0,9.9000
1779258260965,0,0,9.8000
1779258260982,-0.1000,0,9.9000
1779258260998,-0.1000,0,9.9000
1779258261015,0,0,9.8000
1779258261032,0,0,9.8000
1779258261048,-0.1000,0,9.9000
1779258261065,0,0,9.8000
1779258261082,-0.1000,0,9.9000
1779258261098,0,0,9.8000
1779258261115,0,0,9.8000
1779258261132,0,0,9.9000
1779258261148,0,0,9.9000
1779258261165,0,0,9.8000
1779258261182,0,0,9.9000
1779258261198,0,0,9.9000
1779258261215,0,0,9.9000
1779258261232,0,0,9.8000
1779258261252,0,0,9.8000
1779258261265,0,0,9.9000
1779258261282,0,0,9.9000
1779258261300,0,0,9.9000
1779258261316,0,0,9.9000
1779258261332,0,0,9.9000
1779258261348,0,0,9.9000
1779258261365,0,0,9.9000
1779258261382,0,0,9.9000
1779258261398,0,0,9.9000
1779258261415,0,0,9.9000
1779258261431,0,0,9.9000
1779258261448,0,0,9.9000
1779258261465,0,0,9.9000
1779258261482,0.1000,0,9.9000
1779258261498,0,0,10.0000
1779258261515,0,0,10.0000
1779258261532,0,0,9.8000
1779258261548,0,0,9.9000
1779258261565,0,0,10.0000
1779258261581,0,0,9.9000
1779258261598,0,0,9.8000
1779258261615,0,0,9.9000
1779258261632,0,0,9.9000
1779258261649,0,0,9.9000
1779258261665,0,0,9.9000
1779258261681,0,0,9.8000
1779258261699,0,0,9.9000
1779258261715,0,0,9.9000
1779258261732,0,0,9.8000
1779258261748,0,0,9.8000
1779258261766,0,0,9.8000
1779258261782,0.1000,0,9.8000
1779258261798,0,0,9.8000
1779258261815,0,0,9.8000
1779258261831,0,0,9.8000
1779258261848,0,0,9.8000
1779258261865,0,0,9.8000
1779258261882,0,0,9.8000
1779258261898,0,0,9.8000
1779258261915,0,0,9.8000
1779258261932,0,0,9.8000
1779258261948,0,0,9.8000
1779258261965,0,0,9.8000
1779258261982,0,0,9.8000
1779258261998,0,0,9.8000
1779258262015,0,-0.1000,9.8000
1779258262033,0,0,9.8000
1779258262048,0,0,9.8000
1779258262065,0,0,9.8000
1779258262082,0,0,9.8000
1779258262099,0,0,9.8000
1779258262115,0,0,9.8000
1779258262132,0,0,9.8000
1779258262148,0,0,9.8000
1779258262166,0,0,9.8000
1779258262182,0,0,9.8000
1779258262198,0,0,9.8000
1779258262215,0,0,9.9000
1779258262232,0,0,9.9000
1779258262248,0,-0.1000,9.8000
1779258262268,0,-0.1000,9.8000
1779258262282,0,-0.1000,9.9000
1779258262298,0,0,9.8000
1779258262315,0,0,9.8000
1779258262332,0,0,9.9000
1779258262348,0,-0.1000,9.9000
1779258262365,0,-0.1000,9.8000
1779258262381,0,0,9.9000
1779258262398,0,0,9.9000
1779258262415,0,-0.1000,9.9000
1779258262432,0,-0.1000,9.9000
1779258262448,0,-0.1000,9.9000
1779258262465,0,0,9.9000
1779258262482,0,-0.1000,9.9000
1779258262499,0,0,9.9000
1779258262515,0,0,9.9000
1779258262531,0,-0.1000,9.9000
1779258262548,0,-0.1000,9.9000
1779258262565,0,0,9.9000
1779258262582,0,0,9.9000
1779258262598,0,-0.1000,9.9000
1779258262615,0,-0.1000,9.9000
1779258262632,0,-0.1000,9.9000
1779258262648,0,-0.1000,9.9000
1779258262666,0,-0.1000,9.9000
1779258262682,0,-0.1000,9.9000
1779258262698,0,-0.1000,9.9000
1779258262715,0,-0.1000,9.9000
1779258262732,0,-0.1000,9.9000
1779258262748,0,-0.1000,9.9000
1779258262765,0,-0.1000,9.9000
1779258262781,0,-0.1000,9.9000
1779258262798,0,-0.1000,9.9000
1779258262815,0,-0.1000,9.9000
1779258262831,0,-0.1000,9.9000
1779258262848,0,-0.1000,9.9000
1779258262865,0,-0.1000,9.8000
1779258262883,0,-0.1000,9.9000
1779258262898,0,-0.1000,9.8000
1779258262915,0,-0.1000,9.8000
1779258262932,0,-0.1000,9.8000
1779258262949,0,-0.1000,9.8000
1779258262965,0,-0.1000,9.8000
1779258262982,0,-0.1000,9.9000
1779258262998,0,-0.1000,9.9000
1779258263015,0,-0.1000,9.8000
1779258263031,0,-0.1000,9.8000
1779258263048,0,-0.1000,9.8000
1779258263065,0,-0.1000,9.8000
1779258263082,0,-0.1000,9.8000
1779258263098,0,-0.1000,9.8000
1779258263115,0,-0.1000,9.8000
1779258263132,0,-0.1000,9.8000
1779258263149,0,-0.1000,9.8000
1779258263165,0,-0.1000,9.9000
1779258263183,0,-0.1000,9.8000
1779258263198,0,-0.1000,9.8000
1779258263215,0,-0.1000,9.8000
1779258263231,0,-0.1000,9.9000
1779258263248,0,-0.1000,9.8000
1779258263265,0,-0.1000,9.8000
1779258263283,0,-0.1000,9.8000
1779258263298,0,-0.1000,9.8000
1779258263316,0,-0.1000,9.8000
1779258263331,0,-0.1000,9.8000
1779258263348,0,-0.1000,9.8000
1779258263365,0,0,9.9000
1779258263382,0,-0.1000,9.8000
1779258263398,0,-0.1000,9.9000
1779258263415,0,-0.1000,9.9000
1779258263431,0,-0.1000,9.8000
1779258263448,0,-0.1000,9.9000
1779258263465,0,-0.1000,9.9000
1779258263481,0,-0.1000,9.9000
1779258263499,0.1000,-0.1000,9.9000
1779258263515,0,-0.1000,9.9000
1779258263532,0,-0.1000,9.9000
1779258263548,0,-0.1000,9.9000
1779258263565,0.1000,-0.1000,9.9000
1779258263582,0.1000,-0.1000,9.9000
1779258263599,0,-0.1000,9.9000
1779258263615,0,-0.1000,9.9000
1779258263631,0.1000,-0.1000,9.9000
1779258263648,0.1000,-0.1000,9.9000
1779258263665,0,-0.1000,9.9000
1779258263681,0.1000,-0.1000,9.9000
1779258263698,0,-0.1000,9.9000
1779258263715,0,-0.1000,9.9000
1779258263731,0.1000,-0.1000,9.8000
1779258263748,0.1000,-0.1000,9.8000
1779258263765,0,-0.1000,9.9000
1779258263782,0,-0.1000,9.9000
1779258263798,0,-0.1000,9.9000
1779258263815,0,-0.1000,9.9000
1779258263832,0,-0.1000,9.9000
1779258263848,0,-0.1000,9.9000
1779258263865,0,-0.1000,9.9000
1779258263882,0,-0.1000,9.9000
1779258263899,0,-0.1000,9.9000
1779258263915,0.1000,-0.1000,9.8000
1779258263932,0,-0.1000,9.8000
1779258263948,0,-0.1000,9.8000
1779258263965,0,-0.1000,9.8000
1779258263982,0,-0.1000,9.8000
1779258263998,0.1000,-0.1000,9.8000
1779258264015,0,-0.1000,9.8000
1779258264031,0,-0.1000,9.8000
1779258264049,0,-0.1000,9.8000
1779258264067,0,-0.1000,9.8000
1779258264081,0,-0.1000,9.8000
1779258264099,0,-0.1000,9.9000
1779258264115,0,-0.1000,9.8000
1779258264132,0.1000,-0.1000,9.8000
1779258264148,0.1000,-0.1000,9.8000
1779258264165,0,-0.1000,9.8000
1779258264181,0,-0.1000,9.8000
1779258264198,0,-0.1000,9.8000
1779258264215,0,-0.1000,9.9000
1779258264231,0,-0.1000,9.8000
1779258264248,0,-0.1000,9.8000
1779258264265,0,-0.1000,9.8000
1779258264281,0,-0.1000,9.8000
1779258264298,0,-0.1000,9.8000
1779258264315,0,-0.1000,9.8000
1779258264332,0,-0.1000,9.8000
1779258264348,0,-0.1000,9.8000
1779258264365,0,-0.1000,9.9000
1779258264382,0,-0.1000,9.9000
1779258264398,0,-0.1000,9.8000
1779258264415,0,-0.1000,9.9000
1779258264432,0,-0.1000,9.9000
1779258264448,0,-0.1000,9.8000
1779258264465,0,-0.1000,9.8000
1779258264481,0,-0.1000,9.8000
1779258264498,0,-0.1000,9.9000
1779258264515,0,-0.1000,9.9000
1779258264531,0,-0.1000,9.8000
1779258264548,0,-0.1000,9.8000
1779258264565,0,-0.1000,9.9000
1779258264582,0,-0.1000,9.8000
1779258264598,0,-0.1000,9.9000
1779258264615,0,-0.1000,9.9000
1779258264631,0,-0.1000,9.9000
1779258264648,0,-0.1000,9.9000
1779258264665,0,-0.1000,9.9000
1779258264682,0,-0.1000,9.9000
1779258264698,0.1000,-0.1000,9.9000
1779258264715,0,-0.1000,9.9000
1779258264734,0,-0.1000,10.0000
1779258264751,0,-0.1000,9.9000
1779258264765,0,-0.1000,9.9000
1779258264783,0,-0.1000,9.9000
1779258264798,0,-0.1000,9.9000
1779258264815,0,-0.1000,9.9000
1779258264831,0,-0.1000,9.9000
1779258264849,0,0,9.8000
1779258264865,0,0,9.8000
1779258264881,0.1000,0,9.8000
1779258264898,0.1000,0,9.8000
1779258264915,0,0,10.0000
1779258264931,0,0,10.0000
1779258264948,0,0,9.9000
1779258264965,0,-0.1000,9.9000
1779258264982,0,0,9.9000
1779258264998,0.1000,-0.1000,9.8000
1779258265015,0,-0.1000,9.8000
1779258265031,0,0,9.8000
1779258265048,0,-0.1000,9.9000
1779258265065,0,-0.1000,9.9000
1779258265081,0,0,9.9000
1779258265098,0,0,9.8000
1779258265115,0,0,9.8000
1779258265132,0,-0.1000,9.9000
1779258265148,0,-0.1000,9.9000
1779258265165,0,-0.1000,9.8000
1779258265181,0,-0.1000,9.8000
1779258265198,0,-0.1000,9.9000
1779258265215,0,0,9.9000
1779258265231,0,-0.1000,9.9000
1779258265248,0,0,9.8000
1779258265265,0,0,9.8000
1779258265281,0,0,9.8000
1779258265298,0,0,9.9000
1779258265315,0,0,9.8000
1779258265331,0,0,9.8000
1779258265349,0,0,9.8000
1779258265365,0,0,9.9000
1779258265382,0,0,9.9000
1779258265402,0,0,9.8000
1779258265415,0,0,9.8000
1779258265431,0,0,9.9000
1779258265450,0,0,9.9000
1779258265465,0,0,9.9000
1779258265481,0,0,9.8000
1779258265498,0,-0.1000,9.9000
1779258265515,0,0,9.9000
1779258265531,0,0,9.9000
1779258265548,0,0,9.9000
1779258265565,0,0,9.9000
1779258265582,0,0,9.9000
1779258265598,0,0,9.9000
1779258265615,0,0,9.9000
1779258265631,0,0,9.9000
1779258265648,0,0,9.9000
1779258265665,0,0,9.9000
1779258265681,0,0,9.9000
1779258265698,0,0,9.9000
1779258265715,0,0,9.9000
1779258265731,0,0,9.9000
1779258265748,0,0,9.9000
1779258265765,0,0,9.9000
1779258265781,0,0,9.9000
1779258265798,0,0,9.9000
1779258265815,0,0,9.9000
1779258265833,0,0,9.9000
1779258265848,0,0,9.9000
1779258265866,0,0,9.9000
1779258265882,0,0,9.9000
1779258265898,0,0,9.9000
1779258265915,0,0,9.9000
1779258265931,0,0,9.9000
1779258265948,0,0,9.9000
1779258265965,0,0,9.9000
1779258265982,0,0,9.9000
1779258265998,0,0,9.9000
1779258266015,0,0,9.9000
1779258266032,0,0,9.9000
1779258266048,0,0,9.9000
1779258266065,0,0,9.9000
1779258266082,0,0,9.9000
1779258266098,0,0,9.9000
1779258266115,0,0,9.9000
1779258266132,0,0,9.9000
1779258266148,0,0,9.8000
1779258266165,0,-0.1000,9.8000
1779258266181,0,-0.1000,9.8000
1779258266198,0,-0.1000,9.8000
1779258266215,0,0,9.9000
1779258266232,0,-0.1000,9.9000
1779258266248,0,-0.1000,9.8000
1779258266265,0,-0.1000,9.8000
1779258266281,0,0,9.8000
1779258266298,0,0,9.8000
1779258266315,0,-0.1000,9.9000
1779258266331,0,0,9.8000
1779258266348,0,-0.1000,9.8000
1779258266365,0,0,9.9000
1779258266381,0,-0.1000,9.9000
1779258266398,0,0,9.9000
1779258266415,0,0,9.9000
1779258266431,0,-0.1000,9.8000
1779258266450,0,-0.1000,9.9000
1779258266468,0,0,9.8000
1779258266483,0,0,9.9000
1779258266499,0,0,9.9000
1779258266516,0,-0.1000,9.9000
1779258266531,0,0,9.9000
1779258266548,0,0,9.9000
1779258266565,0,-0.1000,9.9000
1779258266581,0,0,9.9000
1779258266598,0,-0.1000,9.9000
1779258266615,0,-0.1000,9.9000
1779258266632,0,-0.1000,9.9000
1779258266648,0,-0.1000,9.9000
1779258266665,0,-0.1000,9.9000
1779258266682,0,0,9.9000
1779258266698,0,0,9.9000
1779258266715,0,0,9.9000
1779258266731,0,-0.1000,9.9000
1779258266748,0,-0.1000,9.9000
1779258266765,0,-0.1000,9.9000
1779258266781,0,-0.1000,9.9000
1779258266798,0,-0.1000,9.9000
1779258266815,0,-0.1000,9.9000
1779258266831,0,-0.1000,9.9000
1779258266848,0,-0.1000,9.9000
1779258266865,0,-0.1000,9.9000
1779258266882,0,-0.1000,9.9000
1779258266898,0,-0.1000,9.9000
1779258266915,0,-0.1000,9.9000
1779258266932,0,-0.1000,9.9000
1779258266948,0,-0.1000,9.9000
1779258266965,0,-0.1000,9.9000
1779258266981,0,-0.1000,9.9000
1779258266998,0,-0.1000,9.9000
1779258267016,0,-0.1000,9.9000
1779258267031,0,-0.1000,9.9000
1779258267048,0,-0.1000,9.9000
1779258267066,0,-0.1000,9.9000
1779258267082,0,-0.1000,9.9000
1779258267098,0,-0.1000,9.8000
1779258267115,0,-0.1000,9.8000
1779258267135,0,-0.1000,9.9000
1779258267152,0,-0.1000,9.9000
1779258267165,0,-0.1000,9.8000
1779258267181,0,-0.1000,9.8000
1779258267201,0,-0.1000,9.8000
1779258267215,0,-0.1000,9.8000
1779258267231,0,-0.1000,9.8000
1779258267248,0,-0.1000,9.8000
1779258267265,0,-0.1000,9.8000
1779258267284,0,-0.1000,9.8000
1779258267298,0,-0.1000,9.8000
1779258267315,0,-0.1000,9.8000
1779258267333,0,-0.1000,9.8000
1779258267348,0,-0.1000,9.8000
1779258267369,0,-0.1000,9.8000
1779258267381,0,-0.1000,9.8000
1779258267399,0,-0.1000,9.8000
1779258267415,0,-0.1000,9.8000
1779258267431,0,-0.1000,9.8000
1779258267448,0,-0.1000,9.8000
1779258267465,0,-0.1000,9.8000
1779258267482,0,-0.1000,9.8000
1779258267498,0,-0.1000,9.8000
1779258267515,0,-0.1000,9.8000
1779258267531,0,-0.1000,9.8000
1779258267548,0,-0.1000,9.8000
1779258267565,0,-0.1000,9.8000
1779258267581,0,-0.1000,9.8000
1779258267598,0,-0.1000,9.8000
1779258267615,0,-0.1000,9.8000
1779258267631,0,-0.1000,9.8000
1779258267649,0,-0.1000,9.8000
1779258267665,0,-0.1000,9.8000
1779258267682,0,-0.1000,9.8000
1779258267698,0,-0.1000,9.8000
1779258267715,0,-0.1000,9.9000
1779258267732,0,-0.1000,9.9000
1779258267748,0,-0.1000,9.9000
1779258267765,0,-0.1000,9.9000
1779258267781,0,-0.1000,9.9000
1779258267798,0,-0.1000,9.9000
1779258267815,0,-0.1000,9.9000
1779258267831,0,-0.1000,9.9000
1779258267848,0,-0.1000,9.8000
1779258267865,0,-0.1000,9.9000
1779258267881,0,-0.1000,9.9000
1779258267898,0,-0.1000,9.9000
1779258267915,0,-0.1000,9.9000
1779258267931,0,-0.1000,9.9000
1779258267948,0,-0.1000,9.9000
1779258267965,0,-0.1000,9.9000
1779258267985,0,-0.1000,9.9000
1779258267998,0,-0.1000,9.9000
1779258268015,0,-0.1000,9.9000
1779258268031,0,-0.1000,9.9000
1779258268048,0,-0.1000,9.9000
1779258268065,0,-0.1000,9.9000
1779258268082,0,-0.1000,9.9000
1779258268098,0,-0.1000,9.9000
1779258268115,0,-0.1000,9.9000
1779258268131,0,-0.1000,9.9000
1779258268148,0,-0.1000,9.9000
1779258268165,0,-0.1000,9.9000
1779258268181,0,-0.1000,9.9000
1779258268198,0,-0.1000,9.9000
1779258268215,0,-0.1000,9.9000
1779258268231,0,-0.1000,9.9000
1779258268248,0,-0.1000,9.9000
1779258268265,0,-0.1000,9.9000
1779258268281,0,-0.1000,9.8000
1779258268298,0,-0.1000,9.8000
1779258268315,0,-0.1000,9.9000
1779258268331,0,-0.1000,9.9000
1779258268348,0,-0.1000,9.8000
1779258268365,0,-0.1000,9.9000
1779258268381,0,-0.1000,9.8000
1779258268398,0,-0.1000,9.8000
1779258268415,0,-0.1000,9.8000
1779258268431,0,-0.1000,9.8000
1779258268448,0,-0.1000,9.8000
1779258268465,0,-0.1000,9.9000
1779258268481,0,-0.1000,9.9000
1779258268498,0,-0.1000,9.8000
1779258268515,0,-0.1000,9.8000
1779258268531,0,-0.1000,9.8000
1779258268548,0,-0.1000,9.8000
1779258268565,0,-0.1000,9.8000
1779258268581,0,-0.1000,9.8000
1779258268598,0,-0.1000,9.8000
1779258268615,0,-0.1000,9.8000
1779258268631,0,-0.1000,9.8000
1779258268651,0,-0.1000,9.8000
1779258268665,0,-0.1000,9.8000
1779258268681,0,-0.1000,9.8000
1779258268700,0,-0.1000,9.8000
1779258268715,0,-0.1000,9.8000
1779258268731,0,-0.1000,9.8000
1779258268748,0,-0.1000,9.8000
1779258268765,0,-0.1000,9.8000
1779258268781,0,-0.1000,9.9000
1779258268798,0,-0.1000,9.8000
1779258268815,0,-0.1000,9.8000
1779258268831,0,-0.1000,9.9000
1779258268848,0,-0.1000,9.9000
1779258268865,0,-0.1000,9.8000
1779258268881,0,-0.1000,9.8000
1779258268898,0,-0.1000,9.9000
1779258268915,0,-0.1000,9.8000
1779258268931,0,-0.1000,9.8000
1779258268948,0,-0.1000,9.8000
1779258268965,0,-0.1000,9.9000
1779258268981,0,0,9.9000
1779258268998,0,-0.1000,9.9000
1779258269015,0,-0.1000,9.9000
1779258269031,0,-0.1000,9.9000
1779258269048,0,-0.1000,9.9000
1779258269065,0,0,9.9000
1779258269081,0,0,9.9000
1779258269098,0.1000,-0.1000,9.8000
1779258269115,0,0,9.9000
1779258269131,0,-0.1000,9.9000
1779258269148,0.1000,-0.1000,9.8000
1779258269165,0,0,9.9000
1779258269181,0,0,9.9000
1779258269198,0,0,9.9000
1779258269215,0,0,9.9000
1779258269231,0.1000,0,9.8000
1779258269248,0.1000,0,9.8000
1779258269265,0,0,9.9000
1779258269282,0,0,9.9000
1779258269298,0.1000,0,9.8000
1779258269315,0.1000,0,9.9000
1779258269331,0.1000,-0.1000,9.9000
1779258269348,0,0,9.9000
1779258269365,0,0,9.8000
1779258269381,0,-0.1000,9.9000
1779258269398,0,0,9.9000
1779258269414,0,-0.1000,9.9000
1779258269431,0,0,9.8000
1779258269449,0,0,9.8000
1779258269465,0,0,9.8000
1779258269482,0,0,9.9000
1779258269498,0,0,9.8000
1779258269515,0,0,9.9000
1779258269531,0,0,9.8000
1779258269548,0,0,9.9000
1779258269565,0,0,9.9000
1779258269581,0,0,9.8000
1779258269602,0,0,9.9000
1779258269615,0,0,9.8000
1779258269632,0,0,9.8000
1779258269648,0,0,9.8000
1779258269666,0,0,9.9000
1779258269682,0,0,9.9000
1779258269698,0,0,9.9000
1779258269714,0,0,9.8000
1779258269731,0,0,9.8000
1779258269748,0,0,9.9000
1779258269765,0,0,9.8000
1779258269781,0,0,9.8000
1779258269798,0,0,9.9000
1779258269815,0,0,9.9000
1779258269831,0,0,9.9000
1779258269848,0,0,9.8000
1779258269865,0,0,9.8000
1779258269881,0,0,9.8000
1779258269898,0,0,9.8000
1779258269915,0,0,9.9000
1779258269931,0,0,9.9000
1779258269948,0,0,9.9000
1779258269965,0,0,9.9000
1779258269981,0,0,9.9000
1779258269998,0,0,9.9000
1779258270014,0,0,9.8000
1779258270031,0,0,9.8000
1779258270048,0,0,9.9000
1779258270065,0,0,9.9000
1779258270081,0,0,9.9000
1779258270098,0,0,9.9000
1779258270114,0,0,9.9000
1779258270131,0,0,9.9000
1779258270148,0,0,9.9000
1779258270164,0,0,9.9000
1779258270182,0,0,9.9000
1779258270198,0,0,9.9000
1779258270215,0,0,9.9000
1779258270231,0,0,9.9000
1779258270248,0,0,9.9000
1779258270265,0,0,9.9000
1779258270281,0,0,9.9000
1779258270298,0,0,9.9000
1779258270315,0,0,9.9000
1779258270331,0,0,9.9000
1779258270348,0,0,9.9000
1779258270366,0,0,9.9000
1779258270381,0,0,9.9000
1779258270398,0,0,9.9000
1779258270415,0,0,9.9000
1779258270432,0,0,9.9000
1779258270448,0,0,9.9000
1779258270465,0,0,9.9000
1779258270481,0,0,9.9000
1779258270498,0,0,9.9000
1779258270515,0.1000,0,9.9000
1779258270532,0.1000,0,9.9000
1779258270548,0,0,9.8000
1779258270566,0,0,9.8000
1779258270582,0.1000,0,9.9000
1779258270598,0,0,9.9000
1779258270614,0,0,9.9000
1779258270631,0,0,9.8000
1779258270648,0,0,9.9000
1779258270667,0.1000,0,9.8000
1779258270684,0.1000,0,9.8000
1779258270700,0,0,9.9000
1779258270715,0,0,9.9000
1779258270731,0.1000,0,9.8000
1779258270748,0,0,9.9000
1779258270765,0,0,9.9000
1779258270781,0,0,9.9000
1779258270798,0,0,9.8000
1779258270816,0,0,9.8000
1779258270832,0,0,9.9000
1779258270848,0,0,9.9000
1779258270865,0,0,9.8000
1779258270882,0,0,9.8000
1779258270898,0,0,9.9000
1779258270915,0,0,9.9000
1779258270931,0,0,9.9000
1779258270948,0,0,9.8000
1779258270964,0,0,9.8000
1779258270981,0,0,9.9000
1779258270999,0,0,9.9000
1779258271015,0,0,9.9000
1779258271032,0,0,9.9000
1779258271048,0,0,9.9000
1779258271065,0,0,9.9000
1779258271081,0,0,9.9000
1779258271098,0,0,9.8000
1779258271115,0,0,9.8000
1779258271131,0,0,9.9000
1779258271148,0,0,9.9000
1779258271164,0,-0.1000,9.8000
1779258271182,0,0,9.9000
1779258271200,0,-0.1000,9.9000
1779258271214,0,-0.1000,9.9000
1779258271231,0,-0.1000,9.9000
1779258271248,0,-0.1000,9.8000
1779258271264,0,0,9.8000
1779258271281,0,0,9.8000
1779258271298,0,-0.1000,9.9000
1779258271315,0,0,9.9000
1779258271331,0,-0.1000,9.9000
1779258271348,0,-0.1000,9.9000
1779258271364,0,0,9.9000
1779258271381,0,-0.1000,9.8000
1779258271398,0,-0.1000,9.9000
1779258271415,0,-0.1000,9.9000
1779258271431,0,0,9.9000
1779258271448,0,-0.1000,9.9000
1779258271465,0,-0.1000,9.9000
1779258271481,0,-0.1000,9.9000
1779258271498,0,-0.1000,9.8000
1779258271514,0,-0.1000,9.9000
1779258271531,0,-0.1000,9.8000
1779258271548,0,-0.1000,9.8000
1779258271565,0,-0.1000,9.9000
1779258271581,0,-0.1000,9.8000
1779258271598,0,-0.1000,9.9000
1779258271614,0,-0.1000,9.9000
1779258271631,0,-0.1000,9.9000
1779258271648,0,0,9.8000
1779258271665,0.1000,0,9.8000
1779258271681,0.1000,0,9.8000
1779258271698,0.1000,0,9.9000
1779258271714,0.1000,-0.1000,9.9000
1779258271732,0.2000,-0.1000,9.8000
1779258271748,0.2000,-0.1000,9.8000
1779258271765,0,-0.1000,9.9000
1779258271782,0,0,9.8000
1779258271799,0,0,9.8000
1779258271814,0.1000,-0.1000,9.8000
1779258271831,0,-0.1000,9.9000
1779258271848,0,0,9.9000
1779258271865,0,-0.1000,9.9000
1779258271881,0,0,9.8000
1779258271898,0,-0.1000,9.9000
1779258271916,0,-0.1000,9.9000
1779258271931,0,-0.1000,9.8000
1779258271948,0,-0.1000,9.9000
1779258271964,0,-0.1000,9.9000
1779258271981,0,-0.1000,9.9000
1779258271998,0,-0.1000,9.9000
1779258272015,0,0,9.9000
1779258272031,0.1000,-0.1000,9.9000
1779258272048,0.1000,-0.1000,9.8000
1779258272064,0,-0.1000,9.9000
1779258272081,0,-0.1000,9.9000
1779258272098,0,-0.1000,9.8000
1779258272114,0,-0.1000,9.8000
1779258272132,0,-0.1000,9.9000
1779258272148,0,-0.1000,9.8000
1779258272164,0,-0.1000,9.9000
1779258272181,0,-0.1000,9.9000
1779258272198,0,-0.1000,9.9000
1779258272214,0,-0.1000,9.9000
1779258272234,0,-0.1000,9.9000
1779258272248,0,-0.1000,9.9000
1779258272264,0,-0.1000,9.9000
1779258272281,0,-0.1000,9.9000
1779258272298,0,-0.1000,9.9000
1779258272314,0,-0.1000,9.9000
1779258272331,0,-0.1000,9.9000
1779258272348,0,-0.1000,9.9000
1779258272364,0,-0.1000,9.8000
1779258272381,0,-0.1000,9.9000
1779258272398,0,-0.1000,9.9000
1779258272414,0,-0.1000,9.8000
1779258272431,0,-0.1000,9.8000
1779258272448,0,-0.1000,9.9000
1779258272464,0,-0.1000,9.9000
1779258272481,0,-0.1000,9.9000
1779258272498,0,-0.1000,9.9000
1779258272515,0,-0.1000,9.9000
1779258272531,0,-0.1000,9.9000
1779258272548,0,-0.1000,9.9000
1779258272564,0,-0.1000,9.9000
1779258272581,0,-0.1000,9.8000
1779258272598,0,-0.1000,9.8000
1779258272615,0,-0.1000,9.8000
1779258272631,0,-0.1000,9.9000
1779258272648,0,-0.1000,9.9000
1779258272664,0,-0.1000,9.8000
1779258272681,0,-0.1000,9.8000
1779258272698,0,-0.1000,9.8000
1779258272714,0,-0.1000,9.8000
1779258272731,0,-0.1000,9.9000
1779258272748,0,-0.1000,9.8000
1779258272764,0,-0.1000,9.8000
1779258272781,0,-0.1000,9.8000
1779258272801,0,-0.1000,9.9000
1779258272815,0,-0.1000,9.8000
1779258272831,0,-0.1000,9.8000
1779258272848,0,-0.1000,9.8000
1779258272864,0,-0.1000,9.8000
1779258272881,0,-0.1000,9.9000
1779258272898,0,-0.1000,9.8000
1779258272914,0,-0.1000,9.8000
1779258272931,0,-0.1000,9.9000
1779258272948,0,-0.1000,9.9000
1779258272966,0,-0.1000,9.9000
1779258272982,0,-0.1000,9.9000
1779258272998,0,-0.1000,9.9000
1779258273015,0,-0.1000,9.8000
1779258273031,0,-0.1000,9.8000
1779258273049,0,-0.1000,9.9000
1779258273064,0,-0.1000,9.8000
1779258273081,0,-0.1000,9.8000
1779258273098,0,-0.1000,9.9000
1779258273115,0,-0.1000,9.9000
1779258273131,0,-0.1000,9.9000
1779258273148,0,-0.1000,9.8000
1779258273164,0,-0.1000,9.8000
1779258273181,0,-0.1000,9.9000
1779258273198,0,-0.1000,9.9000
1779258273214,0,-0.1000,9.9000
1779258273231,0,-0.1000,9.9000
1779258273248,0,-0.1000,9.9000
1779258273264,0,-0.1000,9.9000
1779258273281,0,-0.1000,9.9000
1779258273298,0,-0.1000,9.9000
1779258273314,0,-0.1000,9.9000
1779258273331,0,-0.1000,9.9000
1779258273348,0,-0.1000,9.9000
1779258273364,0,-0.1000,9.8000
1779258273381,0,-0.1000,9.9000
1779258273398,0,-0.1000,9.9000
1779258273414,0,-0.1000,9.9000
1779258273431,0,-0.1000,9.9000
1779258273448,0,-0.1000,9.9000
1779258273464,0,-0.1000,9.9000
1779258273482,0,-0.1000,9.9000
1779258273498,0,-0.1000,9.9000
1779258273514,0,-0.1000,9.9000
1779258273531,0,-0.1000,9.9000
1779258273548,0,-0.1000,9.9000
1779258273565,0,-0.1000,9.9000
1779258273581,0,-0.1000,9.9000
1779258273598,0,-0.1000,9.9000
1779258273614,0,-0.1000,9.9000
1779258273631,0,-0.1000,9.9000
1779258273648,0,-0.1000,9.9000
1779258273665,0,-0.1000,9.9000
1779258273681,0,-0.1000,9.9000
1779258273698,0,-0.1000,9.8000
1779258273714,0,-0.1000,9.8000
1779258273731,0,-0.1000,9.9000
1779258273748,0,-0.1000,9.9000
1779258273764,0,-0.1000,9.9000
1779258273781,0,-0.1000,9.8000
1779258273798,0,-0.1000,9.8000
1779258273814,0,-0.1000,9.9000
1779258273831,0,-0.1000,9.9000
1779258273848,0,-0.1000,9.8000
1779258273864,0,-0.1000,9.8000
1779258273881,0,-0.1000,9.9000
1779258273898,0,-0.1000,9.8000
1779258273914,0,-0.1000,9.8000
1779258273931,0,-0.1000,9.8000
1779258273948,0,-0.1000,9.9000
1779258273964,0,-0.1000,9.8000
1779258273981,0,-0.1000,9.8000
1779258273998,0,-0.1000,9.8000
1779258274014,0,-0.1000,9.8000
1779258274031,0,-0.1000,9.8000
1779258274048,0,-0.1000,9.8000
1779258274064,0,-0.1000,9.8000
1779258274081,0,-0.1000,9.8000
1779258274098,0,-0.1000,9.8000
1779258274114,0,-0.1000,9.8000
1779258274131,0,-0.1000,9.8000
1779258274148,0,-0.1000,9.8000
1779258274164,0,-0.1000,9.8000
1779258274181,0,-0.1000,9.9000
1779258274198,0,-0.1000,9.8000
1779258274215,0,-0.1000,9.8000
1779258274231,0,-0.1000,9.8000
1779258274248,0,-0.1000,9.8000
1779258274267,0,-0.1000,9.8000
1779258274282,0,-0.1000,9.9000
1779258274298,0,-0.1000,9.8000
1779258274314,0,-0.1000,9.8000
1779258274331,0,-0.1000,9.8000
1779258274348,0,-0.1000,9.8000
1779258274364,0,-0.1000,9.9000
1779258274381,0,-0.1000,9.9000
1779258274398,0,-0.1000,9.9000
1779258274414,0,-0.1000,9.8000
1779258274431,0,-0.1000,9.8000
1779258274448,0,-0.1000,9.9000
1779258274466,0,-0.1000,9.8000
1779258274481,0.1000,-0.1000,9.8000
1779258274498,0,-0.1000,9.9000
1779258274514,0,-0.1000,9.9000
1779258274531,0,-0.1000,9.9000
1779258274548,0.1000,-0.1000,9.9000
1779258274565,0,-0.1000,9.9000
1779258274581,0,-0.1000,9.9000
1779258274598,0.1000,-0.1000,9.8000
1779258274614,0,-0.1000,9.9000
1779258274631,0,-0.1000,9.9000
1779258274648,0,-0.1000,9.8000
1779258274665,0,-0.1000,9.9000
1779258274681,0,-0.1000,9.9000
1779258274698,0,-0.1000,9.9000
1779258274717,0,-0.1000,9.8000
1779258274731,0,-0.1000,9.9000
1779258274748,0,-0.1000,9.9000
1779258274764,0,-0.1000,9.9000
1779258274781,0,-0.1000,9.8000
1779258274798,0,-0.1000,9.9000
1779258274814,0,-0.1000,9.8000
1779258274831,0,-0.1000,9.8000
1779258274848,0,-0.1000,9.9000
1779258274864,0,-0.1000,9.8000
1779258274881,0,-0.1000,9.9000
1779258274898,0,-0.1000,9.9000
1779258274914,0,-0.1000,9.9000
1779258274931,0,-0.1000,9.8000
1779258274948,0,-0.1000,9.8000
1779258274964,0,-0.1000,9.8000
1779258274981,0,-0.1000,9.9000
1779258274998,0,-0.1000,9.8000
1779258275014,0,-0.1000,9.8000
1779258275031,0,0,9.9000
1779258275048,0,-0.1000,9.9000
1779258275064,0,-0.1000,9.9000
1779258275081,0,0,9.8000
1779258275098,0,0,9.8000
1779258275114,0,-0.1000,9.9000
1779258275131,0,-0.1000,9.8000
1779258275148,0,-0.1000,9.8000
1779258275164,0,-0.1000,9.9000
1779258275181,0,-0.1000,9.9000
1779258275198,0,-0.1000,9.9000
1779258275214,0,-0.1000,9.8000
1779258275231,0,0,9.8000
1779258275248,0,-0.1000,9.9000
1779258275264,0,-0.1000,9.9000
1779258275282,0,-0.1000,9.9000
1779258275298,0,-0.1000,9.9000
1779258275315,0,0,9.9000
1779258275334,0,-0.1000,9.9000
1779258275348,0,-0.1000,9.9000
1779258275365,0,-0.1000,9.9000
1779258275381,0,-0.1000,9.8000
1779258275398,0,-0.1000,9.9000
1779258275415,0,-0.1000,9.9000
1779258275431,0,-0.1000,9.9000
1779258275449,0,-0.1000,9.9000
1779258275465,0,-0.1000,9.9000
1779258275481,0,-0.1000,9.9000
1779258275498,0,-0.1000,9.9000
1779258275514,0,-0.1000,9.9000
1779258275531,0,-0.1000,9.9000
1779258275548,0,-0.1000,9.9000
1779258275564,0,-0.1000,9.8000
1779258275581,0,-0.1000,9.9000
1779258275598,0,-0.1000,9.9000
1779258275614,0,-0.1000,9.9000
1779258275631,0,-0.1000,9.9000
1779258275648,0,-0.1000,9.9000
1779258275664,0,-0.1000,9.9000
1779258275681,0,-0.1000,9.9000
1779258275698,0,-0.1000,9.8000
1779258275714,0,-0.1000,9.9000
1779258275731,0,-0.1000,9.9000
1779258275748,0,-0.1000,9.9000
1779258275764,0,-0.1000,9.9000
1779258275781,0,-0.1000,9.9000
1779258275798,0,-0.1000,9.8000
1779258275814,0,-0.1000,9.9000
1779258275831,0,-0.1000,9.9000
1779258275848,0,-0.1000,9.9000
1779258275864,0,-0.1000,9.8000
1779258275881,0,-0.1000,9.8000
1779258275898,0,-0.1000,9.9000
1779258275914,0,-0.1000,9.9000
1779258275931,0,-0.1000,9.8000
1779258275948,0,-0.1000,9.9000
1779258275964,0,-0.1000,9.8000
1779258275981,0,-0.1000,9.9000
1779258275999,0,-0.1000,9.8000
1779258276015,0,-0.1000,9.8000
1779258276031,0,-0.1000,9.9000
1779258276048,0,-0.1000,9.9000
1779258276064,0,-0.1000,9.8000
1779258276082,0,-0.1000,9.8000
1779258276098,0,-0.1000,9.8000
1779258276114,0,-0.1000,9.8000
1779258276131,0,-0.1000,9.9000
1779258276148,0,-0.1000,9.9000
1779258276165,0,-0.1000,9.9000
1779258276181,0,-0.1000,9.9000
1779258276198,0,-0.1000,9.8000
1779258276214,0,-0.1000,9.8000
1779258276231,0,-0.1000,9.8000
1779258276248,0,-0.1000,9.9000
1779258276264,0,-0.1000,9.9000
1779258276282,0,-0.1000,9.8000
1779258276298,0,-0.1000,9.8000
1779258276315,0,-0.1000,9.9000
1779258276331,0,-0.1000,9.9000
1779258276348,0,-0.1000,9.9000
1779258276364,0,-0.1000,9.9000
1779258276381,0,-0.1000,9.9000
1779258276398,0,-0.1000,9.8000
1779258276414,0,-0.1000,9.9000
1779258276431,0,-0.1000,9.9000
1779258276449,0,-0.1000,9.9000
1779258276464,0,-0.1000,9.9000
1779258276481,0,-0.1000,9.9000
1779258276498,0,-0.1000,9.9000
1779258276515,0,-0.1000,9.9000
1779258276531,0,-0.1000,9.9000
1779258276548,0,0,9.9000
1779258276564,0,-0.1000,9.9000
1779258276583,0,-0.1000,9.9000
1779258276598,0,-0.1000,9.9000
1779258276614,0,-0.1000,9.8000
1779258276631,0,-0.1000,9.9000
1779258276648,0,0,9.9000
1779258276664,0,-0.1000,9.9000
1779258276681,0,-0.1000,9.9000
1779258276698,0,-0.1000,9.9000
1779258276714,0,-0.1000,9.9000
1779258276731,0,-0.1000,9.9000
1779258276748,0,-0.1000,9.9000
1779258276764,0,-0.1000,9.9000
1779258276781,0,-0.1000,9.9000
1779258276798,0,-0.1000,9.9000
1779258276814,0,-0.1000,9.9000
1779258276831,0,0,9.9000
1779258276848,0,-0.1000,9.9000
1779258276864,0,-0.1000,9.9000
1779258276881,0,-0.1000,9.9000
1779258276898,0,0,9.9000
1779258276914,0,-0.1000,9.9000
1779258276931,0,-0.1000,9.9000
1779258276948,0,-0.1000,9.9000
1779258276964,0,-0.1000,9.9000
1779258276981,0,-0.1000,9.9000
1779258276998,0,-0.1000,9.9000
1779258277014,0,-0.1000,9.9000
1779258277031,0,0,9.9000
1779258277048,0,-0.1000,9.8000
1779258277064,0,0,9.9000
1779258277081,0,-0.1000,9.9000
1779258277098,0,0,9.8000
1779258277114,0,-0.1000,9.9000
1779258277131,0,-0.1000,9.8000
1779258277148,0,0,9.8000
1779258277164,0,-0.1000,9.8000
1779258277181,0,-0.1000,9.8000
1779258277198,0,-0.1000,9.9000
1779258277214,0,-0.1000,9.9000
1779258277231,0,0,9.8000
1779258277248,0,-0.1000,9.8000
1779258277264,0,0,9.9000
1779258277281,0,-0.1000,9.8000
1779258277298,0,-0.1000,9.8000
1779258277314,0,-0.1000,9.8000
1779258277331,0,0,9.8000
1779258277348,0,-0.1000,9.8000
1779258277364,0,-0.1000,9.8000
1779258277381,0,-0.1000,9.8000
1779258277398,0,0,9.9000
1779258277414,0,0,9.8000
1779258277431,0,-0.1000,9.8000
1779258277448,0,-0.1000,9.9000
1779258277464,0,-0.1000,9.9000
1779258277481,0,0,9.8000
1779258277498,0,-0.1000,9.9000
1779258277514,0,0,9.9000
1779258277531,0,-0.1000,9.8000
1779258277548,0,-0.1000,9.8000
1779258277564,0,-0.1000,9.9000
1779258277581,0,-0.1000,9.9000
1779258277598,0,0,9.9000
1779258277614,0,-0.1000,9.8000
1779258277631,0,0,9.8000
1779258277648,0,-0.1000,9.8000
1779258277664,0,0,9.9000
1779258277681,0,0,9.9000
1779258277698,0,-0.1000,9.8000
1779258277714,0,0,9.9000
1779258277731,0,0,9.9000
1779258277748,0,0,9.9000
1779258277764,0,0,9.9000
1779258277781,0,0,9.9000
1779258277798,0,0,9.9000
1779258277815,0,0,9.9000
1779258277831,0,0,9.9000
1779258277848,0,0,9.9000
1779258277864,0,0,9.9000
1779258277881,0,0,9.9000
1779258277898,0,0,9.9000
1779258277914,0,0,9.9000
1779258277931,0,0,9.9000
1779258277948,0,0,9.9000
1779258277964,0,-0.1000,9.9000
1779258277981,0,0,9.9000
1779258277998,0,0,9.9000
1779258278014,0,0,9.9000
1779258278031,0,0,9.9000
1779258278048,0,0,9.9000
1779258278064,0,0,9.9000
1779258278081,0,0,9.9000
1779258278098,0,0,9.9000
1779258278114,0,0,9.9000
1779258278131,0,0,9.9000
1779258278148,0,0,9.9000
1779258278164,0,0,9.9000
1779258278181,0,0,9.9000
1779258278198,0,0,9.9000
1779258278214,0,0,9.9000
1779258278231,0,0,9.8000
1779258278248,0,0,9.9000
1779258278264,0,0,9.8000
1779258278281,0,0,9.9000
1779258278297,0,0,9.9000
1779258278314,0,0,9.9000
1779258278331,0,0,9.9000
1779258278348,0,0,9.9000
1779258278364,0,0,9.9000
1779258278382,0,0,9.8000
1779258278398,0,0,9.9000
1779258278414,0,0,9.9000
1779258278431,0,0,9.8000
1779258278448,0,0,9.9000
1779258278468,0,0,9.9000
1779258278482,0,0,9.9000
1779258278498,0,0,9.9000
1779258278514,0,0,9.9000
1779258278531,0,0,9.8000
1779258278548,0,0,9.9000
1779258278564,0,0,9.8000
1779258278581,0,0,9.8000
1779258278598,0,0,9.9000
1779258278614,0,-0.1000,9.9000
1779258278631,0,0,9.9000
1779258278648,0,0,9.9000
1779258278664,0,0,9.8000
1779258278681,0,0,9.8000
1779258278697,0,0,9.8000
1779258278714,0,-0.1000,9.9000
1779258278731,0,0,9.8000
1779258278748,0,0,9.9000
1779258278764,0,0,9.9000
1779258278781,0,0,9.9000
1779258278798,0,0,9.8000
1779258278814,0,0,9.8000
1779258278831,0,0,9.9000
1779258278848,0,0,9.9000
1779258278864,0,0,9.9000
1779258278881,0,-0.1000,9.9000
1779258278898,0,0,9.9000
1779258278914,0,-0.1000,9.8000
1779258278931,0,0,9.8000
1779258278948,0,0,9.9000
1779258278964,0,0,9.9000
1779258278981,0,-0.1000,9.8000
1779258278998,0,0,9.9000
1779258279014,0,0,9.9000
1779258279031,0,0,9.9000
1779258279048,0,-0.1000,9.9000
1779258279064,0,-0.1000,9.9000
1779258279081,0,0,9.9000
1779258279097,0,0,9.9000
1779258279114,0,0,9.9000
1779258279131,0,-0.1000,9.8000
1779258279148,0,0,9.9000
1779258279164,0,-0.1000,9.8000
1779258279181,0,-0.1000,9.8000
1779258279197,0,0,9.8000
1779258279214,0,-0.1000,9.8000
1779258279231,0,-0.1000,9.8000
1779258279247,0,-0.1000,9.8000
1779258279264,0,-0.1000,9.8000
1779258279281,0,0,9.8000
1779258279297,0,0,9.9000
1779258279314,0,-0.1000,9.8000
1779258279331,0,-0.1000,9.8000
1779258279348,0,-0.1000,9.8000
1779258279364,0,-0.1000,9.8000
1779258279381,0,-0.1000,9.8000
1779258279397,0,-0.1000,9.8000
1779258279414,0,-0.1000,9.8000
1779258279431,0,-0.1000,9.8000
1779258279448,0,-0.1000,9.9000
1779258279464,0,-0.1000,9.8000
1779258279481,0,-0.1000,9.8000
1779258279498,0,-0.1000,9.8000
1779258279514,0,-0.1000,9.9000
1779258279531,0,-0.1000,9.8000
1779258279548,0,-0.1000,9.8000
1779258279564,0,-0.1000,9.8000
1779258279581,0,-0.1000,9.9000
1779258279598,0,-0.1000,9.9000
1779258279614,0,-0.1000,9.9000
1779258279631,0,-0.1000,9.9000
1779258279648,0,-0.1000,9.9000
1779258279664,0,-0.1000,9.8000
1779258279681,0,-0.1000,9.8000
1779258279698,0,-0.1000,9.9000
1779258279714,0,-0.1000,9.9000
1779258279731,0,-0.1000,9.8000
1779258279747,0,-0.1000,9.8000
1779258279764,0,-0.1000,9.9000
1779258279781,0,-0.1000,9.8000
1779258279797,0,-0.1000,9.9000
1779258279814,0,-0.1000,9.9000
1779258279831,0,-0.1000,9.9000
1779258279848,0,-0.1000,9.8000
1779258279864,0,-0.1000,9.9000
1779258279881,0,-0.1000,9.9000
1779258279897,0,-0.1000,9.9000
1779258279914,0,-0.1000,9.9000
1779258279931,0,-0.1000,9.9000
1779258279948,0,-0.1000,9.8000
1779258279964,0,-0.1000,9.8000
1779258279981,0,-0.1000,9.9000
1779258279997,0,-0.1000,9.8000
1779258280014,0,-0.1000,9.9000
1779258280031,0,-0.1000,9.9000
1779258280047,0,-0.1000,9.9000
1779258280064,0,-0.1000,9.9000
1779258280081,0,-0.1000,9.9000
1779258280098,0,-0.1000,9.9000
1779258280114,0,-0.1000,9.9000
1779258280131,0,-0.1000,9.9000
1779258280148,0,-0.1000,9.9000
1779258280165,0,-0.1000,9.8000
1779258280181,0,-0.1000,9.8000
1779258280198,0,-0.1000,9.8000
1779258280214,0,-0.1000,9.9000
1779258280231,0,-0.1000,9.8000
1779258280247,0,-0.1000,9.8000
1779258280266,0,-0.1000,9.9000
1779258280281,0,-0.1000,9.8000
1779258280297,0,-0.1000,9.8000
1779258280314,0,-0.1000,9.9000
1779258280331,0,-0.1000,9.9000
1779258280347,0,-0.1000,9.8000
1779258280364,0,-0.1000,9.8000
1779258280381,0,-0.1000,9.8000
1779258280397,0,-0.1000,9.8000
1779258280414,0,-0.1000,9.9000
1779258280431,0,-0.1000,9.8000
1779258280447,0,-0.1000,9.9000
1779258280464,0,-0.1000,9.8000
1779258280481,0,-0.1000,9.8000
1779258280498,0,-0.1000,9.8000
1779258280514,0,-0.1000,9.9000
1779258280531,0,-0.1000,9.9000
1779258280547,0,-0.1000,9.8000
1779258280564,0,-0.1000,9.8000
1779258280581,0,-0.1000,9.9000
1779258280598,0,-0.1000,9.8000
1779258280614,0,-0.1000,9.8000
1779258280631,0,-0.1000,9.9000
1779258280648,0,-0.1000,9.9000
1779258280664,0,-0.1000,9.8000
1779258280681,0,-0.1000,9.9000
1779258280697,0,-0.1000,9.8000
1779258280714,0,-0.1000,9.9000
1779258280731,0,-0.1000,9.9000
1779258280747,0,-0.1000,9.9000
1779258280764,0,-0.1000,9.8000
1779258280781,0,-0.1000,9.9000
1779258280798,0,-0.1000,9.9000
1779258280814,0,-0.1000,9.8000
1779258280831,0,-0.1000,9.9000
1779258280848,0,-0.1000,9.9000
1779258280864,0,-0.1000,9.8000
1779258280881,0,-0.1000,9.9000
1779258280897,0,-0.1000,9.9000
1779258280914,0,-0.1000,9.9000
1779258280931,0,-0.1000,9.9000
1779258280948,0,-0.1000,9.8000
1779258280965,0,-0.1000,9.9000
1779258280981,0,-0.1000,9.9000
1779258280998,0,-0.1000,9.9000
1779258281014,0,-0.1000,9.9000
1779258281031,0,-0.1000,9.9000
1779258281048,0,-0.1000,9.9000
1779258281064,0,-0.1000,9.9000
1779258281081,0,-0.1000,9.9000
1779258281098,0,0,9.9000
1779258281115,0,-0.1000,9.9000
1779258281131,0,-0.1000,9.9000
1779258281147,0,-0.1000,9.9000
1779258281164,0,-0.1000,9.8000
1779258281181,0,-0.1000,9.9000
1779258281198,0,-0.1000,9.9000
1779258281214,0,0,9.9000
1779258281231,0,-0.1000,9.9000
1779258281248,0,-0.1000,9.9000
1779258281264,0,-0.1000,9.9000
1779258281282,0,0,9.9000
1779258281298,0,0,9.8000
1779258281314,0,0,9.9000
1779258281331,0,-0.1000,9.9000
1779258281347,0,0,9.9000
1779258281365,0,0,9.9000
1779258281383,0,0,9.9000
1779258281398,0,-0.1000,9.9000
1779258281414,0,-0.1000,9.9000
1779258281431,0,0,9.9000
1779258281448,0,0,9.9000
1779258281464,0,0,9.9000
1779258281481,0,-0.1000,9.9000
1779258281498,0,0,9.8000
1779258281514,0,0,9.9000
1779258281531,0,0,9.9000
1779258281551,0,0,9.8000
1779258281564,0,0,9.9000
1779258281581,0,0,9.9000
1779258281597,0,0,9.8000
1779258281614,0,0,9.9000
1779258281631,0,0,9.9000
1779258281647,0,0,9.9000
1779258281666,0,-0.1000,9.9000
1779258281682,0,0,9.8000
1779258281697,0,0,9.9000
1779258281714,0,0,9.9000
1779258281731,0,0,9.8000
1779258281747,0,0,9.9000
1779258281764,0,0,9.9000
1779258281781,0,0,9.9000
1779258281797,0,0,9.9000
1779258281814,0,0,9.9000
1779258281831,0,0,9.9000
1779258281847,0,0,9.9000
1779258281864,0,0,9.9000
1779258281881,0.1000,0,9.9000
1779258281897,0,0,9.9000
1779258281914,0.1000,0,9.9000
1779258281931,0,0,9.9000
1779258281947,0,-0.1000,9.9000
1779258281964,0,-0.1000,9.9000
1779258281981,0,0,9.9000
1779258281997,0,0,9.9000
1779258282014,0,0,9.9000
1779258282031,0.1000,-0.1000,9.9000
1779258282047,0.1000,-0.1000,9.9000
1779258282064,0.1000,0,9.9000
1779258282081,0.1000,0,9.9000
1779258282097,0,-0.1000,9.9000
1779258282114,0.1000,0,9.9000
1779258282131,0.1000,-0.1000,9.9000
1779258282147,0.1000,-0.1000,9.9000
1779258282164,0.1000,-0.1000,9.9000
1779258282181,0,-0.1000,9.9000
1779258282197,0,-0.1000,9.9000
1779258282215,0,0,9.9000
1779258282231,0.1000,-0.1000,9.9000
1779258282248,0.1000,-0.1000,9.9000
1779258282264,0.1000,-0.1000,9.9000
1779258282281,0,-0.1000,9.9000
1779258282297,0,-0.1000,9.9000
1779258282314,0,-0.1000,9.9000
1779258282331,0.1000,-0.1000,9.9000
1779258282347,0,-0.1000,9.9000
1779258282364,0,-0.1000,9.9000
1779258282381,0.1000,-0.1000,9.9000
1779258282397,0.1000,-0.1000,9.8000
1779258282414,0,-0.1000,9.9000
1779258282431,0,-0.1000,9.9000
1779258282447,0.1000,-0.1000,9.9000
1779258282464,0.1000,-0.1000,9.9000
1779258282481,0.1000,-0.1000,9.9000
1779258282497,0,-0.1000,9.8000
1779258282514,0.1000,-0.1000,9.9000
1779258282531,0.1000,-0.1000,9.8000
1779258282547,0,-0.1000,9.9000
1779258282564,0,-0.1000,9.9000
1779258282581,0,-0.1000,9.9000
1779258282597,0,-0.1000,9.8000
1779258282614,0,-0.1000,9.9000
1779258282631,0,-0.1000,9.8000
1779258282647,0,-0.1000,9.8000
1779258282664,0,-0.1000,9.9000
1779258282681,0,-0.1000,9.9000
1779258282697,0,-0.1000,9.8000
1779258282714,0,-0.1000,9.8000
1779258282731,0,-0.1000,9.9000
1779258282747,0,-0.1000,9.8000
1779258282764,0,-0.1000,9.9000
1779258282781,0,-0.1000,9.8000
1779258282797,0,-0.1000,9.9000
1779258282815,0,-0.1000,9.8000
1779258282831,0,-0.1000,9.9000
1779258282847,0,-0.1000,9.9000
1779258282865,0,-0.1000,9.9000
1779258282881,0,-0.1000,9.9000
1779258282899,0,-0.1000,9.9000
1779258282914,0,-0.1000,9.9000
1779258282931,0,-0.1000,9.9000
1779258282947,0,-0.1000,9.9000
1779258282964,0,-0.1000,9.9000
1779258282981,0,-0.1000,9.9000
1779258282997,0,-0.1000,9.9000
1779258283014,0,-0.1000,9.9000
1779258283031,0,-0.1000,9.9000
1779258283047,0,-0.1000,9.9000
1779258283064,0,-0.1000,9.9000
1779258283081,0,-0.1000,9.9000
1779258283097,0,-0.1000,9.8000
1779258283114,0,-0.1000,9.9000
1779258283131,0,-0.1000,9.9000
1779258283147,0,-0.1000,9.9000
1779258283164,0,-0.1000,9.9000
1779258283181,0,-0.1000,9.9000
1779258283197,0,-0.1000,9.9000
1779258283214,0,-0.1000,9.9000
1779258283231,0,-0.1000,9.9000
1779258283247,0,-0.1000,9.9000
1779258283264,0,-0.1000,9.9000
1779258283281,0,-0.1000,9.9000
1779258283297,0,-0.1000,9.9000
1779258283314,0,-0.1000,9.9000
1779258283331,0,-0.1000,9.9000
1779258283347,0,-0.1000,9.9000
1779258283364,0,-0.1000,9.9000
1779258283381,0,-0.1000,9.9000
1779258283397,0,-0.1000,9.9000
1779258283414,0,-0.1000,9.9000
1779258283431,0,-0.1000,9.8000
1779258283447,0,-0.1000,9.9000
1779258283464,0,-0.1000,9.9000
1779258283481,0,-0.1000,9.9000
1779258283497,0,-0.1000,9.9000
1779258283514,0,-0.1000,9.8000
1779258283531,0,-0.1000,9.9000
1779258283547,0,-0.1000,9.9000
1779258283564,0,-0.1000,9.9000
1779258283581,0,-0.1000,9.9000
1779258283598,0,-0.1000,9.9000
1779258283614,0,-0.1000,9.9000
1779258283631,0,-0.1000,9.8000
1779258283647,0,-0.1000,9.9000
1779258283664,0,-0.1000,9.9000
1779258283681,0,-0.1000,9.8000
1779258283697,0,-0.1000,9.9000
1779258283714,0,-0.1000,9.9000
1779258283731,0,-0.1000,9.9000
1779258283747,0,-0.1000,9.9000
1779258283764,0,-0.1000,9.9000
1779258283781,0,-0.1000,9.9000
1779258283797,0,-0.1000,9.9000
1779258283814,0,-0.1000,9.9000
1779258283831,0,-0.1000,9.9000
1779258283847,0,-0.1000,9.9000
1779258283864,0,-0.1000,9.9000
1779258283881,0,-0.1000,9.9000
1779258283897,0,-0.1000,9.9000
1779258283914,0,-0.1000,9.9000
1779258283931,0,-0.1000,9.9000
1779258283947,0,-0.1000,9.9000
1779258283964,0,-0.1000,9.8000
1779258283981,0,-0.1000,9.9000
1779258283997,0,-0.1000,9.9000
1779258284014,0,-0.1000,9.9000
1779258284031,0,-0.1000,9.9000
1779258284047,0,-0.1000,9.9000
1779258284064,0,-0.1000,9.9000
1779258284081,0,-0.1000,9.9000
1779258284097,0,-0.1000,9.8000
1779258284114,0,-0.1000,9.9000
1779258284131,0,-0.1000,9.9000
1779258284147,0,-0.1000,9.9000
1779258284164,0,-0.1000,9.9000
1779258284181,0,-0.1000,9.9000
1779258284197,0,-0.1000,9.9000
1779258284214,0,-0.1000,9.9000
1779258284231,0,-0.1000,9.9000
1779258284247,0,-0.1000,9.9000
1779258284264,0,-0.1000,9.9000
1779258284281,0,-0.1000,9.9000
1779258284298,0,-0.1000,9.8000
1779258284314,0,-0.1000,9.9000
1779258284331,0,-0.1000,9.9000
1779258284348,0,-0.1000,9.9000
1779258284364,0,-0.1000,9.8000
1779258284381,0,-0.1000,9.8000
1779258284397,0,-0.1000,9.8000
1779258284414,0,-0.1000,9.8000
1779258284431,0,-0.1000,9.8000
1779258284447,0,-0.1000,9.9000
1779258284464,0,-0.1000,9.9000
1779258284481,0,-0.1000,9.8000
1779258284497,0,-0.1000,9.8000
1779258284514,0,-0.1000,9.8000
1779258284531,0,-0.1000,9.9000
1779258284547,0,-0.1000,9.8000
1779258284564,0,-0.1000,9.8000
1779258284581,0,-0.1000,9.8000
1779258284598,0,-0.1000,9.9000
1779258284614,0,-0.1000,9.8000
1779258284631,0,-0.1000,9.8000
1779258284647,0,-0.1000,9.8000
1779258284664,0,-0.1000,9.9000
1779258284681,0,-0.1000,9.8000
1779258284698,0,-0.1000,9.8000
1779258284714,0,-0.1000,9.8000
1779258284731,0,-0.1000,9.8000
1779258284747,0,-0.1000,9.8000
1779258284764,0,-0.1000,9.8000
1779258284781,0,-0.1000,9.8000
1779258284797,0,-0.1000,9.8000
1779258284814,0,-0.1000,9.9000
1779258284831,0,-0.1000,9.8000
1779258284847,0,-0.1000,9.8000
1779258284864,0,-0.1000,9.8000
1779258284881,0,-0.1000,9.8000
1779258284897,0,-0.1000,9.8000
1779258284914,0,-0.1000,9.8000
1779258284931,0,-0.1000,9.8000
1779258284947,0,-0.1000,9.8000
1779258284964,0,-0.1000,9.8000
1779258284981,0,-0.1000,9.8000
1779258284997,0,-0.1000,9.8000
1779258285014,0,0,9.8000
1779258285031,0,-0.1000,9.8000
1779258285047,0,-0.1000,9.8000
1779258285064,0,-0.1000,9.8000
1779258285081,0,-0.1000,9.8000
1779258285097,0,0,9.8000
1779258285114,0,0,9.8000
1779258285131,0,-0.1000,9.8000
1779258285147,0,-0.1000,9.8000
1779258285164,0,-0.1000,9.8000
1779258285181,0,-0.1000,9.8000
1779258285197,0,-0.1000,9.9000
1779258285214,0,-0.1000,9.8000
1779258285231,0,-0.1000,9.8000
1779258285247,0,-0.1000,9.8000
1779258285264,0,-0.1000,9.8000
1779258285281,0,0,9.8000
1779258285297,0,-0.1000,9.9000
1779258285314,0,-0.1000,9.9000
1779258285331,0,-0.1000,9.9000
1779258285347,0,-0.1000,9.9000
1779258285364,0,-0.1000,9.8000
1779258285381,0,-0.1000,9.8000
1779258285397,0,-0.1000,9.8000
1779258285414,0,-0.1000,9.9000
1779258285431,0,-0.1000,9.8000
1779258285447,0,0,9.8000
1779258285464,0,0,9.8000
1779258285481,0,0,9.9000
1779258285497,0,0,9.8000
1779258285514,0,0,9.8000
1779258285531,0,-0.1000,9.9000
1779258285547,0,0,9.9000
1779258285564,0,0,9.9000
1779258285581,0,0,9.9000
1779258285597,0,0,9.9000
1779258285614,0,0,9.8000
1779258285631,0,0,9.8000
1779258285647,0,0,9.9000
1779258285664,0,0,9.8000
1779258285681,0,0,9.8000
1779258285697,0,0,9.9000
1779258285714,0,0,9.9000
1779258285731,0,0,9.8000
1779258285747,0,-0.1000,9.9000
1779258285764,0,0,9.9000
1779258285781,0,0,9.9000
1779258285797,0,0,9.9000
1779258285814,0,0,9.8000
1779258285832,0,0,9.8000
1779258285847,0,0,9.9000
1779258285864,0,0,9.9000
1779258285882,0,0,9.8000
1779258285898,0,0,9.8000
1779258285914,0,0,9.8000
1779258285931,0,0,9.8000
1779258285947,0,0,9.8000
1779258285964,0,0,9.9000
1779258285981,0,0,9.8000
1779258285998,0,0,9.8000
1779258286014,0,0,9.9000
1779258286031,0,0,9.9000
1779258286047,0,0,9.8000
1779258286064,0,0,9.8000
1779258286081,0,0,9.8000
1779258286097,0,0,9.9000
1779258286114,0,0,9.8000
1779258286130,0,0,9.8000
1779258286147,0,0,9.9000
1779258286164,0,0,9.8000
1779258286181,0,0,9.8000
1779258286197,0,0,9.8000
1779258286214,0,0,9.9000
1779258286231,0,0,9.9000
1779258286247,0,0,9.9000
1779258286264,0,0,9.9000
1779258286281,0,0,9.8000
1779258286297,0,0,9.8000
1779258286314,0,0,9.9000
1779258286331,0,0,9.8000
1779258286347,0,0,9.9000
1779258286364,0,0,9.9000
1779258286381,0,0,9.8000
1779258286397,0,0,9.9000
1779258286414,0,0,9.9000
1779258286431,0,0,9.9000
1779258286447,0,0,9.9000
1779258286464,0,0,9.9000
1779258286481,0,0,9.9000
1779258286497,0,-0.1000,9.9000
1779258286514,0,0,9.9000
1779258286531,0,0,9.9000
1779258286547,0,0,9.9000
1779258286564,0,0,9.9000
1779258286581,0,0,9.9000
1779258286597,0,0,9.9000
1779258286616,0,0,9.9000
1779258286631,0,0,9.9000
1779258286648,0,0,9.9000
1779258286668,0,0,9.9000
1779258286682,0,0,9.9000
1779258286697,0,-0.1000,9.9000
1779258286714,0,0,9.9000
1779258286731,0,0,9.9000
1779258286747,0,0,9.9000
1779258286764,0,-0.1000,9.9000
1779258286781,0,0,9.9000
1779258286797,0,0,9.9000
1779258286814,0,-0.1000,9.9000
1779258286831,0,0,9.9000
1779258286847,0,0,9.9000
1779258286864,0,0,9.9000
1779258286881,0,0,9.9000
1779258286897,0,0,9.9000
1779258286914,0,0,9.9000
1779258286931,0,0,9.9000
1779258286947,0,0,9.9000
1779258286964,0,0,9.9000
1779258286980,0,0,9.9000
1779258286997,0,0,9.9000
1779258287014,0,0,9.9000
1779258287031,0,0,9.9000
1779258287047,0,0,9.9000
1779258287064,0,-0.1000,9.9000
1779258287081,0,0,9.9000
1779258287099,0,-0.1000,9.9000
1779258287115,0,-0.1000,9.9000
1779258287131,0,0,9.9000
1779258287151,0,0,9.9000
1779258287164,0,0,9.9000
1779258287182,0,0,9.9000
1779258287197,0,0,9.9000
1779258287214,0,-0.1000,9.9000
1779258287231,0,-0.1000,9.9000
